max_depth,learning_rate,min_child_weight,subsample,colsample_bytree,n_estimators,tweedie_variance_power,fit_quality,model_power,lift_opt_score,mae
4,0.1,100,0.8,0.8,300,1.3,0.9686763800064392,0.42812495793364036,1.0837259890178284,242.3108008436536
4,0.1,100,0.8,0.8,300,1.3,0.9686763800064392,0.42812495793364036,1.0837259890178284,242.3108008436536
4,0.1,100,0.8,0.8,500,1.3,0.9686763800064392,0.42812495793364036,1.0837259890178284,242.3108008436536
4,0.1,100,0.8,0.8,300,1.3,0.9686763800064392,0.42812495793364036,1.0837259890178284,242.3108008436536
4,0.1,100,0.8,0.8,300,1.3,0.9686763800064392,0.42812495793364036,1.0837259890178284,242.3108008436536
4,0.1,100,0.8,0.8,300,1.3,0.9686763800064392,0.42812495793364036,1.0837259890178284,242.3108008436536
4,0.1,100,0.8,0.8,300,1.3,0.9686763800064392,0.42812495793364036,1.0837259890178284,242.3108008436536
4,0.1,100,0.8,0.8,500,1.3,0.9686763800064392,0.42812495793364036,1.0837259890178284,242.3108008436536
4,0.1,100,0.8,0.8,300,1.3,0.9686763800064392,0.42812495793364036,1.0837259890178284,242.3108008436536
4,0.1,100,0.8,0.8,300,1.3,0.9686763800064392,0.42812495793364036,1.0837259890178284,242.3108008436536
4,0.1,100,0.8,0.8,300,1.3,0.9686763800064392,0.42812495793364036,1.0837259890178284,242.3108008436536
4,0.1,100,0.8,0.8,500,1.3,0.9686763800064392,0.42812495793364036,1.0837259890178284,242.3108008436536
4,0.1,100,0.8,0.8,300,1.3,0.9686763800064392,0.42812495793364036,1.0837259890178284,242.3108008436536
4,0.1,100,0.8,0.8,300,1.3,0.9686763800064392,0.42812495793364036,1.0837259890178284,242.3108008436536
4,0.1,100,0.8,0.8,300,1.3,0.9686763800064392,0.42812495793364036,1.0837259890178284,242.3108008436536
4,0.1,100,0.8,0.8,300,1.3,0.9686763800064392,0.42812495793364036,1.0837259890178284,242.3108008436536
4,0.1,100,0.8,0.8,500,1.3,0.9686763800064392,0.42812495793364036,1.0837259890178284,242.3108008436536
4,0.05,500,0.8,1.0,300,1.3,0.9683284628254114,0.42294090660219974,1.082492715661038,242.0056739740652
4,0.1,300,0.8,0.8,300,1.3,0.9670987019194128,0.42215819276010136,1.081128479872244,242.12329928127488
4,0.1,300,0.8,0.8,500,1.3,0.9670987019194128,0.42215819276010136,1.081128479872244,242.12329928127488
5,0.1,500,0.8,0.8,300,1.3,0.9658923156398813,0.4120921325496521,1.0781737912621656,241.21224664530908
5,0.1,500,0.8,0.8,300,1.3,0.9658923156398813,0.4120921325496521,1.0781737912621656,241.21224664530908
5,0.1,500,0.8,0.8,300,1.3,0.9658923156398813,0.4120921325496521,1.0781737912621656,241.21224664530908
4,0.1,500,0.8,0.8,500,1.3,0.9627639889610689,0.42903606241008413,1.0779682543845253,242.43251568632473
4,0.1,500,0.8,0.8,300,1.3,0.9627639889610689,0.42903606241008413,1.0779682543845253,242.43251568632473
4,0.1,100,1.0,1.0,300,1.3,0.9622961147598378,0.4188041761325035,1.0757472630404272,242.20330631244747
4,0.05,100,1.0,0.8,300,1.3,0.9611675490828635,0.4218838501318286,1.0751501434990838,241.95355454270296
4,0.1,500,1.0,0.8,300,1.3,0.9623574179712809,0.4149398085714343,1.075137061503237,242.41618884796853
4,0.1,100,0.8,1.0,300,1.3,0.9606681213269606,0.42379866060131594,1.0749794998396618,242.081806112549
4,0.1,100,0.8,1.0,500,1.3,0.9606681213269606,0.42379866060131594,1.0749794998396618,242.081806112549
4,0.1,300,1.0,0.8,300,1.3,0.9599641852356069,0.42589194403737546,1.074633554992317,241.8314919149045
4,0.1,300,0.8,1.0,300,1.3,0.9581224709740231,0.4293664503927674,1.0733827488729666,242.14311695274557
5,0.1,100,1.0,0.8,300,1.3,0.9590595671558744,0.41885291006236336,1.0725191507567091,241.31749893105237
4,0.1,500,0.8,1.0,500,1.5,0.9557221470961337,0.4148975137213109,1.0684944123722229,240.99200812073394
4,0.01,500,1.0,1.0,500,1.5,0.9544224935701549,0.4089691421541994,1.0661543663565618,240.9149184815738
4,0.05,500,0.8,0.8,300,1.5,0.9519128225959579,0.42160311253156557,1.0658471068109083,240.4117213169679
4,0.01,100,0.8,0.8,500,1.3,0.9538600618129688,0.41041366616895353,1.0658465774435502,241.87513192652148
6,0.1,100,0.8,0.8,500,1.3,0.9550566305452947,0.40296092135374545,1.0657214362007736,239.80931516737644
6,0.1,100,0.8,0.8,300,1.3,0.9550566305452947,0.40296092135374545,1.0657214362007736,239.80931516737644
6,0.05,500,0.8,0.8,500,1.3,0.9526044991360147,0.41479227994122075,1.0653584038715151,239.52400252166711
4,0.01,100,1.0,0.8,500,1.3,0.9535948917183215,0.4085241895946042,1.065248179284951,242.26419271412473
5,0.05,100,0.8,0.8,300,1.3,0.9503440349492096,0.4264426988184091,1.0651073454632503,240.47709813767904
5,0.05,100,0.8,0.8,500,1.3,0.9503440349492096,0.4264426988184091,1.0651073454632503,240.47709813767904
4,0.1,500,1.0,0.8,500,1.5,0.9515286489843563,0.41810427619454477,1.0648585613598418,240.84123800769635
5,0.1,100,0.8,0.8,300,1.3,0.9479462900243387,0.4358329917621356,1.0642954572350118,240.46236965685554
5,0.1,100,0.8,0.8,500,1.3,0.9479462900243387,0.4358329917621356,1.0642954572350118,240.46236965685554
6,0.01,100,1.0,1.0,300,1.3,0.9511839905363961,0.4147371178461153,1.0639282693861132,240.12041156480393
4,0.1,300,0.8,0.8,300,1.5,0.9492723120571605,0.42554915107819935,1.063883160276893,240.63697874456417
6,0.1,300,1.0,1.0,500,1.3,0.9506023529663815,0.4175139983184067,1.0638298860510318,240.30574441458452
4,0.1,100,1.0,0.8,500,1.7,0.9523263452629371,0.40378406459340904,1.063138101246635,239.99681930874127
4,0.1,300,1.0,0.8,300,1.5,0.9503638647174697,0.41339662735933314,1.0628738987763404,240.995190197363
4,0.05,100,0.8,1.0,300,1.5,0.9484427086892258,0.4240905150169409,1.0628040898121245,240.19872201453128
4,0.01,100,0.8,0.8,300,1.3,0.9533070415842206,0.39277147901815196,1.062132618554481,242.05790982551386
4,0.01,100,0.8,0.8,300,1.3,0.9533070415842206,0.39277147901815196,1.062132618554481,242.05790982551386
4,0.1,100,1.0,0.8,300,1.3,0.9480447703964668,0.4169573500018072,1.061175646191712,242.16729161888847
4,0.1,100,1.0,0.8,500,1.3,0.9480447703964668,0.4169573500018072,1.061175646191712,242.16729161888847
5,0.1,300,0.8,1.0,300,1.3,0.9459930190458925,0.4236565711970146,1.0602800432078974,240.64770807456833
4,0.01,300,0.8,0.8,300,1.3,0.9482214780952484,0.39276839738854213,1.057046493132174,242.0697838145815
4,0.05,300,0.8,0.8,500,1.3,0.9424028602505226,0.4216467033351851,1.056344647485836,241.93008072377918
6,0.01,300,0.8,0.8,300,1.3,0.9443183347948672,0.40938995127481387,1.0561244643949286,238.97906164600573
5,0.05,300,1.0,0.8,500,1.5,0.9419759390394129,0.4168710311043686,1.0550918166460226,239.2243066452425
4,0.01,100,0.8,1.0,300,1.3,0.9461009194652974,0.39338479859082703,1.0550382659874327,242.02082653622318
4,0.05,100,0.8,0.8,500,1.3,0.9409336118285793,0.42148932653195614,1.054848307667726,241.92330899919816
4,0.05,100,0.8,0.8,300,1.3,0.9409336118285793,0.42148932653195614,1.054848307667726,241.92330899919816
4,0.1,300,0.8,1.0,300,1.7,0.941497325302902,0.416944455790136,1.0546259608515105,239.54119027796443
6,0.1,100,1.0,0.8,300,1.3,0.9398045755628496,0.42639634440752444,1.0545599835175237,239.77815968338015
4,0.1,100,0.8,0.8,300,1.7,0.9404123302752434,0.41878718761656164,1.0538605378327803,239.1544750717632
4,0.1,100,0.8,0.8,500,1.7,0.9404123302752434,0.41878718761656164,1.0538605378327803,239.1544750717632
4,0.1,100,0.8,1.0,300,1.7,0.9417379486995195,0.4107931083698402,1.053791231053218,239.7902798948016
5,0.1,300,0.8,0.8,300,1.5,0.941408339770174,0.41258391119817944,1.0537760491723134,239.31064362303692
4,0.1,100,0.8,0.8,500,1.5,0.9397540781357914,0.4185022700925208,1.0531529513936486,240.66869689709208
4,0.1,100,0.8,0.8,300,1.5,0.9397540781357914,0.4185022700925208,1.0531529513936486,240.66869689709208
6,0.05,100,0.8,0.8,300,1.3,0.9392248156967713,0.4198468469449332,1.0528562598458584,239.0956511748582
6,0.1,100,0.8,1.0,300,1.3,0.9422671604287731,0.4023521139944376,1.052823123986305,239.83975736220947
4,0.05,300,0.8,0.8,300,1.7,0.9398468690496471,0.41476633805177854,1.0525962470106003,239.07171811285562
5,0.1,500,1.0,1.0,500,1.5,0.9387845527841439,0.4196666344557319,1.0523848619377758,239.35739239419757
5,0.1,100,0.8,0.8,300,1.5,0.938984688754194,0.4127980535611491,1.0513899216919433,239.23416796847772
5,0.01,500,1.0,0.8,300,1.5,0.9399205149896412,0.40242751256208087,1.0504899654347195,239.95014331052002
5,0.05,500,0.8,1.0,500,1.5,0.9346285624662644,0.4192966410752361,1.0481649133312914,238.55058493611105
4,0.01,500,0.8,0.8,300,1.7,0.938468162754629,0.39273472687579697,1.0472870377678325,239.52789824781905
4,0.01,100,0.8,0.8,300,1.7,0.9382096706056493,0.3928927024392786,1.0470573498474463,239.50633489792108
6,0.1,300,0.8,0.8,300,1.3,0.9325654074759058,0.4236310981221966,1.0468480647805816,239.2383877970964
6,0.1,500,0.8,1.0,300,1.3,0.9305958685576737,0.4259301702456059,1.0452717617978928,239.07021825024913
5,0.01,300,0.8,0.8,300,1.7,0.9325301167769539,0.4026550388245887,1.0431402535615077,236.92243405307235
5,0.01,100,0.8,0.8,300,1.7,0.9318869920739242,0.40319926785139043,1.0425943730422973,236.88578715365773
6,0.1,300,1.0,1.0,300,1.5,0.9282402417182636,0.4180984487310698,1.0415691439543227,238.23623324596204
6,0.1,100,1.0,0.8,300,1.7,0.9309066875362715,0.3921636472908126,1.0396213596946482,237.79559795574588
6,0.05,500,1.0,0.8,300,1.5,0.925773146746804,0.4197637130796976,1.039390229398232,237.72969652030162
6,0.1,300,0.8,1.0,500,1.5,0.9256396506574343,0.4091834761665297,1.037409353058822,237.32861938693594
6,0.1,300,1.0,0.8,500,1.7,0.927592373636913,0.39749843715999317,1.0372758443522654,237.23829614616844
6,0.05,100,0.8,0.8,300,1.5,0.9253129958233426,0.41020080429907746,1.037262034047265,236.84441905630317
6,0.05,100,0.8,1.0,300,1.7,0.9287184894113677,0.389288625867827,1.0369067550437876,236.131709283623
6,0.01,100,1.0,1.0,500,1.5,0.9213720493787961,0.4165012745096533,1.0344236512675025,237.7043281151254
5,0.01,300,1.0,1.0,500,1.7,0.9217287606076849,0.4070199940919985,1.0331158665308136,238.2118295424034
6,0.05,300,1.0,1.0,300,1.7,0.9218939796860198,0.3996436786383522,1.03196412183422,236.9193864617662
6,0.01,500,0.8,0.8,500,1.5,0.9194514669879538,0.41034134198079153,1.0314252506901223,236.32140599961508
6,0.05,100,0.8,0.8,500,1.7,0.9207273443238314,0.39120065227263146,1.0292660324329566,235.94039307896273
6,0.1,100,0.8,1.0,500,1.7,0.9211103227203397,0.38905418863264846,1.029255530080762,236.46725462386007
6,0.1,500,0.8,0.8,300,1.7,0.9182720877758292,0.39706446312257226,1.0278771344043682,236.1294755854475
6,0.01,300,0.8,0.8,500,1.7,0.9144089534453002,0.39777307591081373,1.0241420193761999,234.91013399914047
