decile,ee_bi_imps,n_records,incurred_act,incurred_pred,denom,act_ee_weigh_avg,pred_ee_weigh_avg,act_simple_avg,pred_simple_avg,act,pred,act_rel,pred_rel,weight_pct
1,381553.684819223,568347,335046.66352414194,168556.74571306258,568347,0.8781114607316249,0.4417641669295459,0.589510745238634,0.2965736525627171,0.8781114607316249,0.4417641669295459,0.9761237969392468,0.49107264311946297,9.49998894494363
2,401635.9396362003,598254,611842.2629100491,235595.51249665022,598254,1.52337528226247,0.5865897178177116,1.0227132002628467,0.3938051605115055,1.52337528226247,0.5865897178177116,1.693410154841275,0.652063215442696,10.000000362317875
3,401635.9038775357,600656,459750.926825205,266950.2534022331,600656,1.1446957863741916,0.6646573446870674,0.7654146913128396,0.4444311775828979,1.1446957863741916,0.6646573446870674,1.2724635166530758,0.7388445316713449,9.999999471992524
4,401636.2195673329,609599,573136.4212471393,294630.27163919806,609599,1.4270038241684402,0.7335749548598774,0.9401859603561347,0.4833181675809804,1.4270038241684402,0.7335749548598774,1.586281985129268,0.8154545320257559,10.000007332091121
5,401635.88807545474,624958,607537.7713429652,324185.89514774084,624958,1.5126580800688507,0.8071636643357839,0.9721257609998835,0.5187322910463437,1.5126580800688507,0.8071636643357839,1.6814967286241917,0.8972570066747398,9.999999078549607
6,401635.89230481326,637850,649077.9277352768,353636.18084955215,637850,1.6160854648983225,0.8804894871825033,1.01760277139653,0.5544190340198356,1.6160854648983225,0.8804894871825033,1.7964683878064152,0.9787672520269636,9.9999991838529
7,401635.905389625,653325,1042969.0566964922,387131.05001592636,653325,2.5968023344046225,0.9638855610789391,1.5964015714942674,0.5925550836351378,2.5968023344046225,0.9638855610789391,2.8866501212133078,1.0714717615818097,9.99999950964078
8,401635.7279287372,673274,791755.0032924368,429981.92799031734,673274,1.9713261252318646,1.0705768886840905,1.1759773929966653,0.6386432982564563,1.9713261252318646,1.0705768886840905,2.191360013412884,1.1900716756697762,9.999995091189225
9,401636.08149562095,702725,1074120.9196438848,491698.0305349827,702725,2.6743636070844294,1.2242376947409384,1.5285081925986477,0.6997019182966063,2.6743636070844294,1.2242376947409384,2.9728685654192106,1.3608836695412436,10.000003894358008
10,421718.0077475859,776589,1487201.8070385796,660711.7967839241,776589,3.5265314255414153,1.566714687648304,1.9150436164284836,0.8507869629674436,3.5265314255414153,1.566714687648304,3.920152963562256,1.7415869829936625,10.500007131064343
