max_depth,learning_rate,min_child_weight,subsample,colsample_bytree,n_estimators,fit_quality,model_power,lift_opt_score,mae
6,0.1,1000,1.0,1.0,10,0.789599913778858,0.24744234072431306,0.7604741796825095,400.58594510060817
6,0.1,500,0.8,1.0,10,0.7893729692805838,0.24897883699608073,0.7601865604758431,400.2496138113062
6,0.1,500,1.0,1.0,10,0.7894721000572036,0.2474367522835714,0.760085293444849,400.58269337077166
6,0.1,1000,0.8,1.0,10,0.7882575968515875,0.2489689854676011,0.7567807549383444,400.2549351984433
6,0.1,2000,1.0,1.0,10,0.7866573393949577,0.24712771755085128,0.7513644164736994,400.5755276339791
6,0.1,2000,0.8,1.0,10,0.7857557813096533,0.2488887560719827,0.7490072018082857,400.2377895521229
6,0.1,500,0.8,0.8,10,0.7768724717506352,0.24277169183930414,0.7185869155999918,400.2490306527604
6,0.1,2000,0.8,0.8,10,0.7764389155766714,0.24272576252238676,0.7171136073330697,400.27778617560483
6,0.1,1000,0.8,0.8,10,0.7761972738943003,0.24268118766990351,0.7162854762623045,400.2644557832875
6,0.1,500,1.0,0.8,10,0.7757720570996678,0.24239768752313134,0.714772668825061,400.6872037292157
6,0.1,2000,1.0,0.8,10,0.775255911078466,0.24223979070189752,0.7129769790790583,400.7452592877535
5,0.1,2000,1.0,1.0,10,0.77528389744664,0.23616428135335155,0.7115315074365213,401.89856946177457
5,0.1,1000,1.0,1.0,10,0.7751931345352238,0.23618421743000068,0.7112276679212213,401.8921984517251
5,0.1,500,1.0,1.0,10,0.7751931345352238,0.23618421743000068,0.7112276679212213,401.8921984517251
4,0.1,1000,1.0,1.0,10,0.7763667929934439,0.21969326887228907,0.7109107030151528,402.8960037612928
4,0.1,2000,1.0,1.0,10,0.7763667929934439,0.21969326887228907,0.7109107030151528,402.8960037612928
4,0.1,2000,1.0,0.8,10,0.7763105066692649,0.22021442301497135,0.7108595254824186,402.96649423710574
4,0.1,500,1.0,0.8,10,0.7763105066692649,0.22021442301497135,0.7108595254824186,402.96649423710574
4,0.1,1000,1.0,0.8,10,0.7763105066692649,0.22021442301497135,0.7108595254824186,402.96649423710574
4,0.1,500,1.0,1.0,10,0.7763042812130336,0.21969809933804654,0.7107020199586849,402.89514688173443
3,0.1,2000,1.0,0.8,10,0.777408532210575,0.20262436751500454,0.7097804857822978,403.77708038759766
3,0.1,500,1.0,0.8,10,0.777408532210575,0.20262436751500454,0.7097804857822978,403.77708038759766
3,0.1,1000,1.0,0.8,10,0.777408532210575,0.20262436751500454,0.7097804857822978,403.77708038759766
6,0.1,1000,1.0,0.8,10,0.7742230157175434,0.24243052977096904,0.7094895365592868,400.69497478504053
3,0.1,1000,0.8,1.0,10,0.776993180451736,0.2060374289737621,0.7093356137420748,403.6756965346779
3,0.1,500,0.8,1.0,10,0.776993180451736,0.2060374289737621,0.7093356137420748,403.6756965346779
3,0.1,2000,0.8,1.0,10,0.776993180451736,0.2060374289737621,0.7093356137420748,403.6756965346779
4,0.1,1000,0.8,1.0,10,0.7740028583290454,0.22247378869721496,0.7036257969792679,402.6841489780191
4,0.1,2000,0.8,1.0,10,0.7740028583290454,0.22247378869721496,0.7036257969792679,402.6841489780191
4,0.1,500,0.8,1.0,10,0.7739314418642287,0.2224739115600579,0.7033812385958812,402.68420833711195
5,0.1,1000,0.8,1.0,10,0.7713304403897843,0.23633607328397102,0.697912745987645,401.6432735575982
5,0.1,500,0.8,1.0,10,0.7710599190868191,0.2363548331400932,0.69696719258604,401.6374972439425
5,0.1,2000,0.8,1.0,10,0.7702393514448355,0.23631576621148334,0.6940629631299324,401.64826280307915
3,0.1,1000,0.8,0.8,10,0.7713705661631797,0.20599751190551382,0.6901915533701313,403.69831052093457
3,0.1,500,0.8,0.8,10,0.7713705661631797,0.20599751190551382,0.6901915533701313,403.69831052093457
3,0.1,2000,0.8,0.8,10,0.7713705661631797,0.20599751190551382,0.6901915533701313,403.69831052093457
3,0.1,2000,1.0,1.0,10,0.7707753842879971,0.20394162533592156,0.6875681226710993,403.71784251976413
3,0.1,1000,1.0,1.0,10,0.7707753842879971,0.20394162533592156,0.6875681226710993,403.71784251976413
3,0.1,500,1.0,1.0,10,0.7707753842879971,0.20394162533592156,0.6875681226710993,403.71784251976413
5,0.1,500,1.0,0.8,10,0.7637107359512628,0.23092253441119698,0.669073903980925,401.9410335610799
5,0.1,1000,1.0,0.8,10,0.7634011175425144,0.23092708766723755,0.6679263876993297,401.9432206896638
5,0.1,2000,1.0,0.8,10,0.763017730521389,0.23096779516905086,0.6665106117899166,401.9603120426696
5,0.1,1000,0.8,0.8,10,0.7624171250451101,0.2323764310863159,0.6646136591567269,401.5596020069049
5,0.1,500,0.8,0.8,10,0.7623000811919474,0.232391430174763,0.6641792776097909,401.55473366698874
5,0.1,2000,0.8,0.8,10,0.7622256306316619,0.23236995860631826,0.6638952213575612,401.5628608803321
4,0.1,2000,0.8,0.8,10,0.7629063037190078,0.2194810590873138,0.6632450096173825,402.63689141091777
4,0.1,500,0.8,0.8,10,0.7629063037190078,0.2194810590873138,0.6632450096173825,402.63689141091777
4,0.1,1000,0.8,0.8,10,0.7629063037190078,0.2194810590873138,0.6632450096173825,402.63689141091777
6,0.05,500,0.8,1.0,10,0.6684445133428167,0.1558720258886971,0.2553750276540367,402.626876814688
3,0.05,500,1.0,1.0,10,0.6687520607987907,0.12598302051140636,0.2525772673473593,405.3729822151266
3,0.05,1000,1.0,1.0,10,0.6687520607987907,0.12598302051140636,0.2525772673473593,405.3729822151266
3,0.05,2000,1.0,1.0,10,0.6687520607987907,0.12598302051140636,0.2525772673473593,405.3729822151266
6,0.05,1000,0.8,1.0,10,0.6661702013976467,0.15580407528203402,0.2470714834756059,402.6293942111682
6,0.05,1000,1.0,1.0,10,0.665558104059122,0.15517788484652825,0.2447889226282992,402.9081495492618
3,0.05,1000,1.0,0.8,10,0.66590471228874,0.12588523808523233,0.24232216983358978,405.3984422791928
3,0.05,2000,1.0,0.8,10,0.66590471228874,0.12588523808523233,0.24232216983358978,405.3984422791928
3,0.05,500,1.0,0.8,10,0.66590471228874,0.12588523808523233,0.24232216983358978,405.3984422791928
6,0.05,2000,0.8,1.0,10,0.6640010349254628,0.15582115126971305,0.23930801884542918,402.6465219225263
6,0.05,500,1.0,1.0,10,0.6628273475053634,0.15522581852052955,0.23509662169926845,402.89831006172574
6,0.05,2000,1.0,1.0,10,0.6622811935660692,0.15516234084145486,0.23317742196488778,402.9087911030466
3,0.05,500,0.8,0.8,10,0.6632120624430008,0.12464573039418318,0.23270448648955813,405.2468918474986
3,0.05,1000,0.8,0.8,10,0.6632120624430008,0.12464573039418318,0.23270448648955813,405.2468918474986
3,0.05,2000,0.8,0.8,10,0.6632120624430008,0.12464573039418318,0.23270448648955813,405.2468918474986
4,0.05,500,1.0,1.0,10,0.6622146211592874,0.13650444744924772,0.230717803223026,404.5523134113323
3,0.05,500,0.8,1.0,10,0.662388204696474,0.12646973756580854,0.2300831517763384,405.245991744387
3,0.05,1000,0.8,1.0,10,0.662388204696474,0.12646973756580854,0.2300831517763384,405.245991744387
3,0.05,2000,0.8,1.0,10,0.662388204696474,0.12646973756580854,0.2300831517763384,405.245991744387
4,0.05,1000,1.0,1.0,10,0.6614725674035741,0.13650236274370808,0.2281592301458616,404.55270653487463
4,0.05,2000,1.0,1.0,10,0.6614725674035741,0.13650236274370808,0.2281592301458616,404.55270653487463
4,0.05,1000,0.8,0.8,10,0.6581099429850104,0.13505579787923933,0.21661911332843942,404.4060653461286
4,0.05,2000,0.8,0.8,10,0.6581099429850104,0.13505579787923933,0.21661911332843942,404.4060653461286
4,0.05,500,0.8,0.8,10,0.6581099429850104,0.13505579787923933,0.21661911332843942,404.4060653461286
4,0.05,500,0.8,1.0,10,0.6575423466323973,0.13667853586800488,0.21492175753334972,404.399196449598
4,0.05,1000,0.8,1.0,10,0.6575423466323973,0.13667853586800488,0.21492175753334972,404.399196449598
4,0.05,2000,0.8,1.0,10,0.6575423466323973,0.13667853586800488,0.21492175753334972,404.399196449598
5,0.05,500,0.8,1.0,10,0.6555527965197072,0.14670499750142374,0.20950071633018794,403.5186802166232
6,0.05,500,1.0,0.8,10,0.6545523294176159,0.15109341044486047,0.20672298434972755,402.89324543565994
6,0.05,1000,1.0,0.8,10,0.654389067409497,0.15108536355545163,0.20619455386475954,402.8969090303176
4,0.05,1000,1.0,0.8,10,0.6549412756179702,0.1332320587649491,0.20604237545457285,404.595813962294
4,0.05,2000,1.0,0.8,10,0.6549412756179702,0.1332320587649491,0.20604237545457285,404.595813962294
4,0.05,500,1.0,0.8,10,0.6549412756179702,0.1332320587649491,0.20604237545457285,404.595813962294
6,0.05,2000,1.0,0.8,10,0.654131881054129,0.15102759752368342,0.20535916863712456,402.91188243113027
5,0.05,1000,1.0,1.0,10,0.6536367371511447,0.14605810876416606,0.20324550872741629,403.71693002244507
5,0.05,500,1.0,1.0,10,0.6527562436632726,0.14607113892704798,0.20044569596629128,403.71507587889425
5,0.05,1000,0.8,1.0,10,0.6526514657121487,0.14668895212394845,0.20017850795293923,403.52218276751273
6,0.05,500,0.8,0.8,10,0.6521480592548399,0.15225911242455048,0.1991630276223423,402.67092708284076
6,0.05,1000,0.8,0.8,10,0.651837592997977,0.15223023596147908,0.19818203459182543,402.67400902364705
5,0.05,500,1.0,0.8,10,0.6518742350479148,0.1429486931838146,0.19734252284869597,403.7759221924282
5,0.05,2000,1.0,1.0,10,0.6516180339005635,0.14603898533069928,0.19685977349081452,403.72085270434417
5,0.05,1000,1.0,0.8,10,0.6514747735425623,0.14295355460484552,0.19609442325412527,403.7773831300839
5,0.05,2000,1.0,0.8,10,0.6508726314860025,0.14292975865354948,0.19421999417977978,403.7827252424167
5,0.05,2000,0.8,1.0,10,0.650194751272376,0.14667535296847875,0.19250527120756247,403.52493531690993
6,0.05,2000,0.8,0.8,10,0.6493693179545963,0.15219689834864297,0.19051889704386205,402.6858749146501
5,0.05,500,0.8,0.8,10,0.6468172921532898,0.14357273649394814,0.18199333353578961,403.5712562973118
5,0.05,2000,0.8,0.8,10,0.6461407200362487,0.1435506305346019,0.17999469600650253,403.57836456109317
5,0.05,1000,0.8,0.8,10,0.6460743944042386,0.14355998019130972,0.17980070225542794,403.57412111742525
3,0.01,2000,1.0,1.0,10,0.5472669408823707,0.039018831348551435,0.025480986272111615,409.49859328730327
3,0.01,1000,1.0,1.0,10,0.5472669408823707,0.039018831348551435,0.025480986272111615,409.49859328730327
3,0.01,500,1.0,1.0,10,0.5472669408823707,0.039018831348551435,0.025480986272111615,409.49859328730327
4,0.01,500,1.0,1.0,10,0.5456879346003956,0.042077576587590135,0.02471609418715037,409.2384831130914
4,0.01,2000,1.0,1.0,10,0.5456879346003956,0.042077576587590135,0.02471609418715037,409.2384831130914
4,0.01,1000,1.0,1.0,10,0.5456879346003956,0.042077576587590135,0.02471609418715037,409.2384831130914
3,0.01,500,0.8,1.0,10,0.5422613169297545,0.03821195940205856,0.02293282373243018,409.44494921632867
3,0.01,2000,0.8,1.0,10,0.5422613169297545,0.03821195940205856,0.02293282373243018,409.44494921632867
3,0.01,1000,0.8,1.0,10,0.5422613169297545,0.03821195940205856,0.02293282373243018,409.44494921632867
3,0.01,2000,1.0,0.8,10,0.5414904771779467,0.037253075844706905,0.022547138724742188,409.49573955874547
3,0.01,1000,1.0,0.8,10,0.5414904771779467,0.037253075844706905,0.022547138724742188,409.49573955874547
3,0.01,500,1.0,0.8,10,0.5414904771779467,0.037253075844706905,0.022547138724742188,409.49573955874547
4,0.01,1000,0.8,1.0,10,0.5409470913165528,0.04175192968240776,0.022374379747662442,409.1918001759719
4,0.01,2000,0.8,1.0,10,0.5409470913165528,0.04175192968240776,0.022374379747662442,409.1918001759719
4,0.01,500,0.8,1.0,10,0.5409470913165528,0.04175192968240776,0.022374379747662442,409.1918001759719
3,0.01,500,0.8,0.8,10,0.5288115385011435,0.03791290579200905,0.01726588658237721,409.4526478602235
3,0.01,1000,0.8,0.8,10,0.5288115385011435,0.03791290579200905,0.01726588658237721,409.4526478602235
3,0.01,2000,0.8,0.8,10,0.5288115385011435,0.03791290579200905,0.01726588658237721,409.4526478602235
5,0.01,1000,0.8,1.0,10,0.5245042144506046,0.044614847123768814,0.015846661059645745,408.91997643952783
5,0.01,500,1.0,1.0,10,0.5234078133623248,0.044986915604889044,0.015486399794840802,408.96903310363604
5,0.01,2000,0.8,1.0,10,0.5211082994855962,0.04461109494858726,0.014742060271628695,408.92095104536253
5,0.01,500,0.8,1.0,10,0.5208437468553804,0.04462016947012067,0.0146593280113291,408.918646464841
5,0.01,2000,1.0,1.0,10,0.5206360742880727,0.04496694200677179,0.01459888028983517,408.97241379347645
4,0.01,2000,1.0,0.8,10,0.520414591429643,0.040301513850789936,0.014472712854578464,409.2479322970076
4,0.01,1000,1.0,0.8,10,0.520414591429643,0.040301513850789936,0.014472712854578464,409.2479322970076
4,0.01,500,1.0,0.8,10,0.520414591429643,0.040301513850789936,0.014472712854578464,409.2479322970076
5,0.01,1000,1.0,1.0,10,0.516877545405815,0.04496859334553491,0.013474117714133711,408.97188084024276
4,0.01,500,0.8,0.8,10,0.5129667888440317,0.040548124116760315,0.012346172263456188,409.2070823496179
4,0.01,2000,0.8,0.8,10,0.5129667888440317,0.040548124116760315,0.012346172263456188,409.2070823496179
4,0.01,1000,0.8,0.8,10,0.5129667888440317,0.040548124116760315,0.012346172263456188,409.2070823496179
6,0.01,1000,1.0,1.0,10,0.5104212753352719,0.047867216721903146,0.011764623885575027,408.6889719890803
6,0.01,500,1.0,1.0,10,0.509343640476709,0.047891675781659,0.011496157144178681,408.68449538813417
6,0.01,2000,1.0,1.0,10,0.5087197071994912,0.04781914205755608,0.011342616171258627,408.68999779443743
6,0.01,500,0.8,1.0,10,0.49828557064034384,0.04738649744614103,0.009058542292456444,408.626304974702
6,0.01,1000,0.8,1.0,10,0.4977772604412507,0.04737897289663139,0.008959684574581326,408.6277036488738
6,0.01,2000,0.8,1.0,10,0.4976911548043721,0.04736769490996675,0.008942965058342122,408.63155164398444
5,0.01,500,1.0,0.8,10,0.4937459523637884,0.04282073134067215,0.008179450988414261,408.9884284729632
5,0.01,1000,1.0,0.8,10,0.493256343398248,0.04282179282813525,0.008093297821382382,408.9883146175571
5,0.01,2000,1.0,0.8,10,0.4914281807500076,0.0428180497950853,0.007779334317254192,408.98950930549995
5,0.01,500,0.8,0.8,10,0.48899510187909967,0.043018674985891577,0.007381286350212938,408.9494233285062
5,0.01,2000,0.8,0.8,10,0.4888315943060223,0.043010814240466134,0.0073551230331724725,408.95133771927397
5,0.01,1000,0.8,0.8,10,0.48733638297109594,0.04301494194961258,0.007120533796841284,408.9502904335346
6,0.01,2000,1.0,0.8,10,0.4856353834611403,0.04509541139090129,0.00687544953508315,408.7368436638057
6,0.01,500,1.0,0.8,10,0.4850339081829147,0.04511330860263819,0.006786390314707642,408.73041933185135
6,0.01,1000,1.0,0.8,10,0.48418680284184346,0.045108423963173154,0.006662695967451415,408.7319040547389
6,0.01,2000,0.8,0.8,10,0.47553376751809917,0.04501822501128901,0.0055191233158592935,408.6873513850402
6,0.01,1000,0.8,0.8,10,0.4751020590655074,0.045026806969735836,0.005467488195819309,408.685005304426
6,0.01,500,0.8,0.8,10,0.47500048391909555,0.04503198876143648,0.0054554241674586255,408.6835531381661
