decile,ee_coll_imps,n_records,incurred_act,incurred_pred,denom,incurred_act_gbm,incurred_pred_gbm,act_ee_weigh_avg,pred_ee_weigh_avg,act_simple_avg,pred_simple_avg,act,pred,act_rel,pred_rel,weight_pct,act_gbm_ee_weigh_avg,pred_gbm_ee_weigh_avg,act_gbm_simple_avg,pred_gbm_simple_avg
1,195757.63193352797,275667,450215.1087750994,258274.47,275667,184575.04405300843,180572.57890785873,2.299859802799289,1.3193583626803396,1.6331846349947559,0.9369074599063363,2.299859802799289,1.3193583626803396,1.464385432152672,0.8400725834445582,9.499989798407892,0.9428753414614418,0.9224293179495269,0.6695579958899993,0.6550387928473801
2,206060.9628115877,291086,421714.8523018632,261527.25,291086,180619.03084386842,182120.3830179609,2.046553828283619,1.269174162983641,1.4487637753167901,0.8984535498100218,2.046553828283619,1.269174162983641,1.303098392609438,0.8081188918018597,10.000003704708238,0.876532014503969,0.8838179756758833,0.6205005766126451,0.6256583381473547
3,206060.8692417097,295142,477851.1839742262,262076.98,295142,179617.79231869016,181150.13091799896,2.3189807251259626,1.271842564478282,1.6190551801310087,0.8879691279960155,2.3189807251259626,1.271842564478282,1.4765602612750484,0.8098179380963906,9.999999163823277,0.871673467066657,0.8791098066538271,0.6085809282267185,0.6137727972230281
4,206061.00965641142,299592,460945.47551488737,269418.78,299592,186917.2369828663,184264.0919295548,2.236936896909674,1.3074709363951582,1.5385773836246874,0.8992856326270394,2.236936896909674,1.3074709363951582,1.4243206479335153,0.8325035247321009,10.000005978056883,0.9070965792826811,0.8942210476246765,0.6239059687270231,0.6150501079119429
5,206060.75147840407,302995,454355.1511376275,280443.16,302995,187022.51455093033,190079.465618539,2.204957265650104,1.360973180180756,1.4995466959442483,0.925570244558491,2.204957265650104,1.360973180180756,1.4039583171144243,0.8665699083837255,9.999993448847105,0.9076086212882272,0.9224438145294255,0.617246207201209,0.6273353211060875
6,206060.68097911522,307402,502354.14136960206,296568.22,307402,199412.3389625891,198385.78853601246,2.437894211465393,1.4392275971370683,1.6341928203772327,0.9647569591284377,2.437894211465393,1.4392275971370683,1.5522758230975553,0.9163966969788151,9.999990027562744,0.9677359990031289,0.9627542119795255,0.6487021521089293,0.6453627124612477
7,206060.81984429972,312309,512298.42628818745,316987.56,312309,210374.4864863467,208968.13785335535,2.4861515482432903,1.5383203985091243,1.6403575506571615,1.014980556115898,2.4861515482432903,1.5383203985091243,1.5830026269166508,0.979491871121089,9.999996766599292,1.0209339487502107,1.0141090286414098,0.6736100672294,0.6691069993287269
8,206060.53054120817,319971,575973.8988940136,346802.5,319971,228319.25971765147,223437.92174382796,2.7951684749197026,1.683012749162296,1.8000815664357508,1.083856036953349,2.7951684749197026,1.683012749162296,1.7797623968655587,1.07162156101894,9.999982726909543,1.1080203429447737,1.0843314882135793,0.7135623532059201,0.698306789502261
9,206061.58965491428,332067,640929.7975112908,392674.0,332067,253494.53219677976,244299.34962868143,3.1103797587150446,1.9056147274103845,1.9301219257297195,1.1825143720996063,3.1103797587150446,1.9056147274103845,1.9804662882411166,1.213358502426457,10.000034125004749,1.2301881812195088,1.1855647141119454,0.7633836912333347,0.7356929463893775
10,216364.01857923498,382501,927606.3771922193,551473.2,382501,316260.2405498335,311913.25318830647,4.287248791566141,2.548821153911246,2.42510837146104,1.4417561980230118,4.287248791566141,2.548821153911246,2.7298119071180214,1.62290612775927,10.500004260080264,1.4617044119746527,1.4416133294089297,0.8268219966740833,0.815457353544975
