decile,ee_coll_imps,n_records,incurred_act,incurred_pred,denom,act_ee_weigh_avg,pred_ee_weigh_avg,act_simple_avg,pred_simple_avg,act,pred,act_rel,pred_rel,weight_pct
1,293203.5044314694,401989,16001001.93,11659261.71094863,401989,54.57302415612812,39.76508307278351,39.80457656801554,29.003932224385814,54.57302415612812,39.76508307278351,0.24173630359322426,0.17614314659549157,9.499971875210964
2,308636.77443670935,425564,30077845.48,24467992.189693727,425564,97.45386153317229,79.27763058809202,70.6776077863729,57.495446489114975,97.45386153317229,79.27763058809202,0.43168097466098704,0.3511676633709605,10.000019210172422
3,308636.11038999923,433131,38709533.84,34308256.53613339,433131,125.42127293882042,111.16086349319508,89.37142305676575,79.20988462181971,125.42127293882042,111.16086349319508,0.5555652335748882,0.49239741906548706,9.999997694655129
4,308635.7908076952,444173,45464761.74,43490747.85562123,444173,147.30877977897316,140.91284663326508,102.35822920348603,97.91398364065631,147.30877977897316,140.91284663326508,0.6525179878014614,0.624186605024331,9.999987339994101
5,308636.77060408716,456202,53472853.1,52669938.61911119,456202,173.2549656845453,170.65347889696233,117.21310537875766,115.45310765650126,173.2549656845453,170.65347889696233,0.7674490397294553,0.7559255112169475,10.00001908599313
6,308636.0989894453,467101,62298357.14,62558790.65787387,467101,201.85052022100135,202.69434088464567,133.37234803607785,133.92990093764274,201.85052022100135,202.69434088464567,0.8941157172634895,0.8978534996436887,9.999997325270247
7,308635.82174563967,477830,71787754.62,74134497.09789746,477830,232.59696238100142,240.20055960644436,150.23701864679907,155.14826841742348,232.59696238100142,240.20055960644436,1.0303099522602077,1.0639907957852384,9.99998834240232
8,308636.44421738153,489429,85856913.12,89143414.15835358,489429,278.1813837238499,288.8298379162485,175.42261108352795,182.13758105538,278.1813837238499,288.8298379162485,1.2322304008197524,1.279398722444882,10.000008510865355
9,308636.3710157946,505169,104401061.5,112023394.52991967,505169,338.2655814555869,362.96238891490475,206.6656138836706,221.75429317697575,338.2655814555869,362.96238891490475,1.4983789621030932,1.607775775603645,10.000006139089415
10,324068.1287746089,575301,161511989.09,192303338.5386321,575301,498.38899524220864,593.4040452104443,280.74345271431827,334.26560798370264,498.38899524220864,593.4040452104443,2.2076605671826917,2.6285385984117458,10.500004476346907
