vin_date,target,pp_bi,ee_bi_imps,loss_bi,pp_pd,ee_pd_imps,loss_pd,loss_total,incurred_raw_bi_imps,incurred_raw_pd_imps,glm_pred
WVWPD63B03P100095_11-11-2023,197021.79930703357,32120000.000000004,0.00821917808219178,264000.0,0.0,0.00821917808219178,0.0,264000.0,264000.0,0.0,163.02764522998314
JM1BL1S61A1161931_11-20-2022,104096.82148558476,18980000.0,0.010958904109589041,208000.0,1026678.3875000001,0.010958904109589041,11251.27,219251.27,208000.0,11251.27,182.33025494086132
5NPD84LF3JH253724_08-22-2022,56998.13977344906,14600000.0,0.0027397260273972603,40000.0,0.0,0.0027397260273972603,0.0,40000.0,40000.0,0.0,256.1487104321427
JTDZN3EU2HJ063712_09-13-2023,53317.73929292458,9954545.454545455,0.030136986301369864,300000.0,553904.0909090909,0.030136986301369864,16693.0,316693.0,300000.0,16693.0,186.70231683784934
19UUA8F51AA011814_06-04-2020,44211.35106338794,9150000.0,0.01366120218579235,125000.0,991980.78,0.01366120218579235,13551.65,138551.65,125000.0,13551.65,206.96042486648292
55SWF6GB3FU027835_05-01-2022,43807.220401325925,6843750.0,0.010958904109589041,75000.0,502594.9625,0.010958904109589041,5507.89,80507.89,75000.0,5507.89,156.2242465352323
2G1WB5E34C1313641_10-12-2023,38145.93642602977,3041666.666666667,0.00821917808219178,25000.0,30416.666666666668,0.00821917808219178,249.99999999999997,25250.0,25000.0,250.0,79.73763267195912
JTDKB20U293496867_08-10-2019,34127.63179741605,3893278.5833333335,0.01643835616438356,63999.1,516198.20833333343,0.01643835616438356,8485.45,72484.55,63999.1,8485.45,114.07995159008105
2C3CDXBG5KH580143_08-05-2019,34063.96559560372,9125000.0,0.005479452054794521,50000.0,3180215.8,0.005479452054794521,17425.84,67425.84,50000.0,17425.84,267.87838234482217
1HGCR2F88DA064509_04-01-2023,33906.7217085009,10138888.88888889,0.024657534246575342,250000.00000000003,1717763.4055555556,0.024657534246575342,42355.81,292355.81000000006,250000.0,42355.81,299.02297768725083
1G1ZB5ST6HF235588_11-20-2024,28214.024707638204,9150000.0,0.00546448087431694,50000.0,960750.0,0.00546448087431694,5250.0,55250.0,50000.0,5250.0,324.30679758789887
JTNKARJE8JJ566337_06-20-2020,27928.299711900207,5490000.0,0.01366120218579235,75000.0,937755.6840000001,0.01366120218579235,12810.87,87810.87,75000.0,12810.87,196.57480249901212
1HGCM66543A046115_08-27-2021,24779.767913746346,1000000.0,1.0,1000000.0,0.0,1.0,0.0,1000000.0,1000000.0,0.0,40.35550306527525
WAUV2AF22KN022230_07-01-2021,23342.519790496484,2027777.7777777778,0.07397260273972603,150000.0,117981.6537037037,0.07397260273972603,8727.41,158727.41,150000.0,8727.41,86.87056050407007
4S4BRCDC7E3277346_10-22-2022,21787.47375960433,5475000.0,0.0136986301369863,75000.0,1340167.58,0.0136986301369863,18358.46,93358.45999999999,75000.0,18358.46,251.2911804465865
3N1AB7AP3KY352519_07-08-2022,21429.63459324865,3999036.116666667,0.00821917808219178,32868.79,1963627.0000000002,0.00821917808219178,16139.4,49008.19,32868.79,16139.4,186.61242678988808
1LN6L9RP4L5601372_04-01-2021,20071.119387992258,3802083.3333333335,0.03287671232876712,125000.0,128564.86250000002,0.03287671232876712,4226.79,129226.79,125000.0,4226.79,189.4305574011964
JTDKBRFU1J3066820_06-10-2022,19852.50399216754,994216.4179104478,0.18356164383561643,182500.0,0.0,0.18356164383561643,0.0,182500.0,182500.0,0.0,50.08015202025389
2FABP74F1KX216851_04-28-2020,19206.75313210966,1830000.0,0.01366120218579235,25000.0,0.0,0.01366120218579235,0.0,25000.0,25000.0,0.0,95.27898793787399
1N4AL3AP8DN533785_10-08-2020,18978.244599549813,4066666.6666666665,0.02459016393442623,100000.0,238964.24666666667,0.02459016393442623,5876.17,105876.17,100000.0,5876.17,214.2804433431706
JTHBL46FX75050452_11-24-2021,17263.732021961532,2683823.5294117643,0.04657534246575343,124999.99999999999,138041.28235294117,0.04657534246575343,6429.32,131429.31999999998,125000.0,6429.32,155.46021717654213
WMWXU7C06M2P12866_01-31-2024,16221.823895535137,5490000.0,0.00273224043715847,15000.0,1937076.9600000002,0.00273224043715847,5292.56,20292.56,15000.0,5292.56,338.4329675475676
1N4BA41E58C831629_03-29-2024,15974.597762442163,5947500.0,0.00546448087431694,32500.0,612239.31,0.00546448087431694,3345.57,35845.57,32500.0,3345.57,372.30984394381136
5NPD84LF8HH116594_07-26-2019,15681.749111793468,2578804.347826087,0.12602739726027398,325000.0,442261.6923913043,0.12602739726027398,55737.09,380737.08999999997,325000.0,55737.09,164.44621894165465
1FAFP45X24F225869_12-27-2022,15419.191498958533,1845799.4985507247,0.18904109589041096,348931.96,0.0,0.18904109589041096,0.0,348931.96,348931.96,0.0,119.7079301256098
JN1EV7AR0HM838565_08-23-2020,15374.832570982435,4392000.0,0.00546448087431694,24000.0,148863.18,0.00546448087431694,813.4599999999999,24813.46,24000.0,813.46,285.6616473527787
4S4BSABC5K3303014_01-21-2023,14765.574482132783,1614423.076923077,0.07123287671232877,115000.0,187232.78653846154,0.07123287671232877,13337.130000000001,128337.13,115000.0,13337.13,109.33696341287799
1HGCP2F46AA181763_07-21-2019,14744.520830247244,4684693.906521739,0.06301369863013699,295199.89,76175.65869565216,0.06301369863013699,4800.11,300000.0,295199.89,4800.11,317.7243913489174
1N4AL3AP8GC145696_08-26-2022,14708.296699801213,5214285.714285714,0.019178082191780823,99999.99999999999,300970.65714285715,0.019178082191780823,5772.04,105772.03999999998,100000.0,5772.04,354.5132261546088
5XXGT4L39JG186320_06-13-2020,12844.54129696169,1586000.0000000002,0.08196721311475409,130000.00000000001,28364.146,0.08196721311475409,2324.93,132324.93000000002,130000.0,2324.93,123.47657758515365
1N4CL21E59C176473_08-20-2020,12804.766070193575,510512.0788874236,0.998996930908002,510000.0,0.0,0.998996930908002,0.0,510000.0,510000.0,0.0,39.86891100461205
JTDKN3DU3E1762071_10-01-2020,12637.01860813063,1753750.0,0.06557377049180328,115000.0,62505.48,0.06557377049180328,4098.72,119098.72,115000.0,4098.72,138.77877800002932
2T1KU40E49C001994_01-01-2019,12467.188088943016,6415035.843333334,0.0410958904109589,263631.61,173712.26,0.0410958904109589,7138.86,270770.47,263631.61,7138.86,514.5535462822402
JHMGE8H33DC060127_07-26-2019,12375.681907068067,3307812.5,0.043835616438356165,145000.0,92109.803125,0.043835616438356165,4037.6900000000005,149037.69,145000.0,4037.69,267.28325152821066
1VWBS7A32GC008451_10-28-2020,12188.731594893134,500243.40011233854,0.9995134366344786,500000.0,36597.667084066656,0.9995134366344786,36579.86,536579.86,500000.0,36579.86,41.04146491517886
3N1BC13E58L456302_07-07-2024,12163.941803704824,2481355.9322033897,0.16120218579234974,400000.0,33653.017627118636,0.16120218579234974,5424.939999999999,405424.94,400000.0,5424.94,203.99274941019797
1C3BC2FB5BN531239_05-09-2022,12162.438514648842,3076428.5714285714,0.019178082191780823,59000.0,632479.2999999999,0.019178082191780823,12129.74,71129.74,59000.0,12129.74,252.9450461536327
5YFBURHE3HP658057_01-12-2022,11931.450946864654,2281250.0,0.005479452054794521,12500.0,1760427.85,0.005479452054794521,9646.18,22146.18,12500.0,9646.18,191.19636079126377
1FAFP55U12A175357_01-01-2022,11796.789825375696,2433333.3333333335,0.0410958904109589,100000.0,150242.5166666667,0.0410958904109589,6174.35,106174.35,100000.0,6174.35,206.2708049692526
WDDGF8BB2CR237167_03-05-2020,11768.84974978797,447554.347826087,0.5027322404371585,225000.0,5967.391304347826,0.5027322404371585,3000.0,228000.0,225000.0,3000.0,38.02872475571797
JM1DE1LZ1C0147807_04-12-2021,11701.453878919845,2286635.0134615386,0.2136986301369863,488650.7700000001,53108.576282051275,0.2136986301369863,11349.23,500000.00000000006,488650.77,11349.23,195.41460720371754
WBANU5C58AC127199_11-01-2019,11498.446135193388,3832500.0,0.0136986301369863,52500.0,513236.72000000003,0.0136986301369863,7030.64,59530.64,52500.0,7030.64,333.30590541880576
JF1GR7E61DG864553_06-26-2022,11109.98279410648,2906964.285714286,0.057534246575342465,167250.0,149515.47142857144,0.057534246575342465,8602.26,175852.26,167250.0,8602.26,261.6533562280893
JN1AZ34E13T002069_06-03-2019,11018.88748345502,2591500.0,0.0027397260273972603,7100.0,0.0,0.0027397260273972603,0.0,7100.0,7100.0,0.0,235.18708253361925
WBA7F2C51JG424258_12-30-2021,10847.504852981669,1033018.8679245284,0.29041095890410956,300000.0,20732.13773584906,0.29041095890410956,6020.840000000001,306020.84,300000.0,6020.84,95.23101228579594
KNDJP3A53F7139678_12-15-2019,10730.802652490216,2847000.0,0.0136986301369863,39000.0,1586262.26,0.0136986301369863,21729.62,60729.619999999995,39000.0,21729.62,265.3110016275733
YV1AW8807P1950781_10-24-2022,10610.732675684982,1002747.2527472527,0.4986301369863014,500000.0,0.0,0.4986301369863014,0.0,500000.0,500000.0,0.0,94.50311146233074
3FAHP0GAXCR362294_01-01-2022,10583.293374375542,2433333.3333333335,0.0410958904109589,100000.0,460624.8900000001,0.0410958904109589,18929.79,118929.79000000001,100000.0,18929.79,229.92212794789978
2G1WF52E859254267_12-19-2019,10538.639773275925,988713.3182844245,0.20228310502283103,200000.0,70187.67088036118,0.20228310502283103,14197.78,214197.78,200000.0,14197.78,93.81792523088433
JTDKB20U053013919_03-28-2023,10531.690897603008,2027777.7777777778,0.09863013698630137,200000.0,89843.73611111111,0.09863013698630137,8861.3,208861.3,200000.0,8861.3,192.54057088205047
1G6AH5SX2E0118467_12-14-2019,10528.93469004906,499932.6387641459,1.0001347406242982,500000.0,0.0,1.0001347406242982,0.0,500000.0,500000.0,0.0,47.481787424955186
1FAFP45X03F342042_10-01-2023,10196.682588279189,2117077.38,0.136986301369863,290010.6,73962.87,0.136986301369863,10131.9,300142.5,290010.6,10131.9,207.62413281683624
3N1CN7APXEL862299_12-01-2020,10018.89931729566,1587855.2938640954,0.16689123437383035,264999.13,191544.6914868805,0.16689123437383035,31967.13,296966.26,264999.13,31967.13,158.48600166317425
5YJ3E1EB1KF213915_06-30-2023,9831.832861646559,1573275.8620689653,0.3178082191780822,500000.0,57287.15905172414,0.3178082191780822,18206.33,518206.33,500000.0,18206.33,160.01857275322777
3FA6P0HD0FR142408_08-15-2021,9807.974875122345,500000.0,1.0,500000.0,0.0,1.0,0.0,500000.0,500000.0,0.0,50.9789234134598
JT8CH32Y7T0052013_01-01-2019,9807.954251818615,1217934.19,0.0410958904109589,50052.09,369899.03,0.0410958904109589,15201.33,65253.42,50052.09,15201.33,124.17820869975688
JF2SJALC1JH435857_09-01-2021,9801.643927502248,1512430.9392265193,0.4958904109589041,750000.0,0.0,0.4958904109589041,0.0,750000.0,750000.0,0.0,154.30380356736057
2T1BU4EE9DC120772_01-01-2020,9707.804652324456,2614285.714285714,0.01912568306010929,50000.0,404122.56,0.01912568306010929,7729.12,57729.12,50000.0,7729.12,269.29731364750364
JF2GTAMCXK8323588_06-04-2020,9523.547738223311,1232554.1734693877,0.4016393442622951,495042.25,12343.785714285714,0.4016393442622951,4957.75,500000.0,495042.25,4957.75,129.42174569278
JHMCP26439C004083_10-12-2022,9037.022469780335,1825000.0,0.021917808219178082,40000.0,317709.6875,0.021917808219178082,6963.5,46963.5,40000.0,6963.5,201.94704684012595
1MEFM55S13G633364_12-18-2019,8984.531078521031,999790.447394812,0.5001047982633431,500000.0,0.0,0.5001047982633431,0.0,500000.0,500000.0,0.0,111.27909054541222
1G1PC5SB2E7471558_09-01-2020,8865.603333312463,1132857.1428571427,0.11475409836065574,129999.99999999999,31199.234285714283,0.11475409836065574,3580.24,133580.24,130000.0,3580.24,127.78116731214865
2T1BURHE0GC558173_06-01-2022,8825.155044347315,1309968.912962963,0.3698630136986301,484509.05000000005,42306.06851851852,0.3698630136986301,15647.45,500156.50000000006,484509.05,15647.45,148.43579590162824
WBAEB5C58AC224649_10-30-2023,8809.01188505778,2190000.0,0.0136986301369863,30000.0,136887.41,0.0136986301369863,1875.1699999999998,31875.17,30000.0,1875.17,248.60904135170608
YV1TS94D911193490_03-22-2020,8805.242935147651,771303.0993103448,0.07923497267759563,61114.18,140567.60068965517,0.07923497267759563,11137.87,72252.05,61114.18,11137.87,87.59589087900744
5NPD84LF2JH317171_05-27-2021,8480.010052018764,3041666.666666667,0.01643835616438356,50000.0,147450.875,0.01643835616438356,2423.85,52423.85,50000.0,2423.85,358.68668173837403
JF2SH61619H741488_11-27-2020,8354.788262262864,1663636.3636363638,0.030054644808743168,50000.0,71247.8890909091,0.030054644808743168,2141.33,52141.33,50000.0,2141.33,199.123701452821
3VWCA7AU2FM518070_10-25-2022,8299.689389607049,1460000.0,0.0684931506849315,100000.0,0.0,0.0684931506849315,0.0,100000.0,100000.0,0.0,175.91019753440725
JF1GJAK62GH011005_08-23-2021,8233.598653364705,2200735.2941176468,0.1863013698630137,409999.99999999994,174686.42352941175,0.1863013698630137,32544.32,442544.31999999995,410000.0,32544.32,267.2871713534767
JN1CA21A5XT700279_08-18-2022,8185.979008130771,991847.8260869564,0.5041095890410959,500000.0,0.0,0.5041095890410959,0.0,500000.0,500000.0,0.0,121.16422789525821
4T1BK3EK8AU100514_04-01-2021,8062.770313971477,921114.4866666667,0.0410958904109589,37854.02,255662.06,0.0410958904109589,10506.66,48360.67999999999,37854.02,10506.66,114.24292777763051
1N4AL21E99N478201_10-04-2022,7900.688248259128,2027777.7777777778,0.024657534246575342,50000.0,1013888.8888888889,0.024657534246575342,25000.0,75000.0,50000.0,25000.0,256.6583712785512
JT2BG22K0W0238608_03-18-2023,7824.911017525759,959134.5622282608,0.5041095890410959,483508.93,33020.14157608696,0.5041095890410959,16645.77,500154.7,483508.93,16645.77,122.57450085758798
KMHWF25H83A751148_10-19-2021,7566.482963238601,804895.1075471698,0.14520547945205478,116875.17999999998,518291.3226415095,0.14520547945205478,75258.74,192133.91999999998,116875.18,75258.74,106.37638536394181
1HGES26731L076751_03-30-2020,7481.910329769264,225467.50879509127,0.997926491503855,225000.0,0.0,0.997926491503855,0.0,225000.0,225000.0,0.0,30.13501884645609
KMHL54JJ7RA086732_03-26-2024,7275.648582331124,1098000.0,0.06830601092896176,75000.0,185367.288,0.06830601092896176,12661.7,87661.7,75000.0,12661.7,150.91438070091613
1HGCP26389A061840_11-14-2021,7213.554123832767,1665312.5,0.021917808219178082,36500.0,420474.98124999995,0.021917808219178082,9215.89,45715.89,36500.0,9215.89,230.85880710286708
4T1BG22KXXU608461_01-01-2019,7150.7768685603605,811841.1111111111,0.1232876712328767,100090.0,27485.230000000003,0.1232876712328767,3388.59,103478.59,100090.0,3388.59,113.53187577150007
19XFB2F54EE242064_03-12-2021,7113.392261517734,1496147.3694444445,0.19726027397260273,295130.44,24685.96388888889,0.19726027397260273,4869.56,300000.0,295130.44,4869.56,210.32825330585973
3CZRU5H37GM756157_11-23-2022,7099.720149282797,1710937.5,0.043835616438356165,75000.0,0.0,0.043835616438356165,0.0,75000.0,75000.0,0.0,240.98661130648034
3VW7M7BU4PM049007_09-15-2023,7024.202178659422,1637143.7466666668,0.0410958904109589,67279.88,547740.4133333334,0.0410958904109589,22509.880000000005,89789.76000000001,67279.88,22509.88,233.07184289776774
5NPET4AC7AH585368_02-01-2019,6942.638604216647,1401339.2857142857,0.30684931506849317,430000.0,0.0,0.30684931506849317,0.0,430000.0,430000.0,0.0,201.84534520681734
4T1BF1FKXDU219869_03-15-2023,6827.688967192777,1224671.0526315789,0.20821917808219179,255000.0,129671.05263157895,0.20821917808219179,27000.0,282000.0,255000.0,27000.0,179.36831313144975
5N1AT2MV9GC842966_03-15-2022,6602.574609439019,1223966.6666666667,0.2054794520547945,251500.0,20995.384000000002,0.2054794520547945,4314.12,255814.12,251500.0,4314.12,185.37718073142074
1G1PC5SH5C7394623_01-01-2023,6334.456801103318,1845505.6179775281,0.24383561643835616,450000.0,232144.1011235955,0.24383561643835616,56605.0,506605.0,450000.0,56605.0,291.34394249181446
1LN6L9VK5L5603352_03-27-2020,6327.597176506086,200420.07351286476,0.9979040347331387,200000.0,0.0,0.9979040347331387,0.0,200000.0,200000.0,0.0,31.67396215691639
1G1ND52J7Y6181449_06-02-2019,6226.332582654187,498365.3846153846,0.03561643835616438,17750.0,183215.68076923076,0.03561643835616438,6525.49,24275.489999999998,17750.0,6525.49,80.04156186641404
JA4ARUAU7MU022217_04-30-2021,6144.826188220342,260000.0,1.0,260000.0,0.0,1.0,0.0,260000.0,260000.0,0.0,42.31201860492345
JF2SJAMC4EH534273_04-06-2019,6136.110925326135,897540.9836065572,0.5013698630136987,450000.0,11385.686338797812,0.5013698630136987,5708.44,455708.44,450000.0,5708.44,146.27196192005817
2MEFM74V77X615474_11-01-2020,6133.392073147465,1270301.6241299303,0.19680365296803654,249999.99999999997,20390.881670533643,0.19680365296803654,4013.0,254012.99999999997,250000.0,4013.0,207.1124116932657
1G4HR54K43U272481_08-28-2023,6084.373361247139,992702.7910709507,0.5036754248072461,500000.0,0.0,0.5036754248072461,0.0,500000.0,500000.0,0.0,163.15612670874498
WBAPK73529A457177_09-17-2023,6033.240916029507,1351851.851851852,0.2219178082191781,300000.0,28758.440123456792,0.2219178082191781,6382.01,306382.01,300000.0,6382.01,224.06727506275504
JTDBR32E932014951_03-03-2019,6000.140559503126,829545.4545454545,0.030136986301369864,25000.0,144045.2590909091,0.030136986301369864,4341.09,29341.09,25000.0,4341.09,138.25433693075843
ZAM57YSL1K1324283_01-14-2022,5997.7666911196775,1075193.7984496125,0.35342465753424657,380000.0,17710.705426356588,0.35342465753424657,6259.4,386259.4,380000.0,6259.4,179.26569235204659
1G1ZU64884F175235_06-14-2020,5980.2375055072025,210316.4428850955,0.9984953963620031,210000.0,0.0,0.9984953963620031,0.0,210000.0,210000.0,0.0,35.16857694889459
KNDJN2A21G7243710_04-20-2022,5948.658644731819,1578378.3783783785,0.10136986301369863,160000.0,0.0,0.10136986301369863,0.0,160000.0,160000.0,0.0,265.333493253341
1G6AA5RA2F0131453_07-10-2024,5936.020044737098,1376262.48,0.01092896174863388,15041.119999999999,448058.11500000005,0.01092896174863388,4896.81,19937.93,15041.12,4896.81,231.84936533699891
1FAHP2H89JG137621_01-18-2020,5907.387429269105,904945.0549450549,0.4972677595628415,450000.0,2176.935824175824,0.4972677595628415,1082.52,451082.52,450000.0,1082.52,153.18870918493656
4T1BE46K47U703321_08-12-2019,5711.826529508373,1216666.6666666667,0.0410958904109589,50000.0,150672.0,0.0410958904109589,6192.0,56192.0,50000.0,6192.0,213.0083363668587
2HGFB2F59EH554323_01-04-2023,5676.084755477857,1825000.0,0.0136986301369863,25000.0,154860.01,0.0136986301369863,2121.37,27121.37,25000.0,2121.37,321.52444486293746
