decile,ee_comp_imps,n_records,incurred_act,incurred_pred,denom,incurred_act_gbm,incurred_pred_gbm,act_ee_weigh_avg,pred_ee_weigh_avg,act_simple_avg,pred_simple_avg,act,pred,act_rel,pred_rel,weight_pct,act_gbm_ee_weigh_avg,pred_gbm_ee_weigh_avg,act_gbm_simple_avg,pred_gbm_simple_avg
1,205173.16001197696,291715,3889513.14,4359117.878001548,291715,118492.02752029173,129403.22308504615,18.9572219864087,21.24604347735876,13.33326411051883,14.943070729998624,18.9572219864087,21.24604347735876,0.12438551541120282,0.13940334033513802,9.499993539893849,0.5775220672790474,0.6307024908983819,0.4061910684068071,0.443594683458328
2,215971.85077475858,310256,8014836.46,8420970.212703843,310256,158780.59992535767,161493.2315371267,37.11056061819295,38.99105454018748,25.832978121293383,27.142005997317835,37.11056061819295,38.99105454018748,0.24349644758087702,0.25583508062967614,9.999997987257961,0.7351911804976528,0.7477512970222738,0.5117728583020399,0.5205160626615656
3,215971.13564638072,313154,10715425.1,11503721.899886996,313154,169059.6109261705,177578.6616276755,49.615079662982595,53.26508964013857,34.21774941402632,36.73503100674746,49.615079662982595,53.26508964013857,0.3255433343805614,0.3494924326498161,9.999964875154168,0.7827879888680098,0.8222333095401834,0.5398609340010682,0.5670649636526294
4,215972.0580582379,316899,13654947.6,14493605.997278774,316899,185972.22001320994,190881.77644335633,63.225528907623215,67.10870900424769,43.08927323847661,45.735726516267874,63.225528907623215,67.10870900424769,0.4148466482039891,0.4403256639637587,10.000007584964182,0.8610938918916152,0.8838262604872902,0.5868501321026887,0.6023426279141187
5,215972.51025525862,325355,17388044.77,17739288.127884153,325355,201871.19145153006,202486.52372810687,80.51045361953247,82.1367872555541,53.44329968803307,54.52286925937562,80.51045361953247,82.1367872555541,0.5282595876460707,0.5389305787697786,10.000028522735844,0.9347078070859011,0.9375569302259227,0.6204643895176962,0.6223556537569943
6,215971.67994610374,336002,21637040.65,21766688.807011247,336002,217950.09816774566,214561.6847249636,100.18461983256127,100.78492148805425,64.3955710085059,64.78142632190061,100.18461983256127,100.78492148805425,0.657349245743009,0.6612880523294501,9.999990077494727,1.0091605446701883,0.9934713883714197,0.6486571453971871,0.6385726416061916
7,215971.80410958905,345696,28070177.97,27604698.12790955,345696,238829.30358133596,228232.66232344767,129.9714936666295,127.81621305484067,81.19902448972508,79.85252397456016,129.9714936666295,127.81621305484067,0.852792209748778,0.8386505971250862,9.999995826552295,1.1058355722219577,1.0567706431143076,0.6908651057036702,0.660212042729588
8,215971.6756194326,345562,38575544.25,37525628.19297214,345562,260512.8147928181,243923.42499260727,178.61390452873383,173.75254456559708,111.63132592704059,108.59304030238319,178.61390452873383,173.75254456559708,1.1719534956304412,1.140056271182277,9.99998987715981,1.206236021671065,1.1294232185447732,0.7538815459825389,0.7058745608388864
9,215972.52874466652,340590,57821334.94,56935901.283193044,340590,273282.1187408175,261175.76832081427,267.7254152464884,263.62566394036855,169.76815214774362,167.16844676353693,267.7254152464884,263.62566394036855,1.7566478774151555,1.7297478559017145,10.000029378838345,1.2653559243356602,1.2093008765461521,0.8023785746522725,0.7668333430835147
10,226770.539276892,336772,127212587.16,128806642.4415552,336772,309692.4137640942,287533.16699560964,560.9749289552578,568.0043044933599,377.7409854738517,382.47432221667833,560.9749289552578,568.0043044933599,3.6807690346660005,3.726891430655908,10.500002329948812,1.3656642293642591,1.2679476263207412,0.9195907431855801,0.8537917849334554
