feature,mean_abs_shap
cef_est_curr_mi_grp_imps,0.17876147
cef_first_poten_dam_ind,0.08379136
married_ind,0.05931805
multi_pol_yes_cal,0.053865246
vc_satellite_radio_raw,0.053266607
vc_msrp_impa,0.052934527
vc_hill_ascent_assist_raw_5,0.050450586
cef_lien_holder_ind,0.04325595
vc_camera_raw_0,0.03882999
multi_pol_unknown_cal,0.035411112
vc_backup_camera_raw_0,0.028861722
cef_first_sev_prob_ind,0.027400086
vc_rear_wiper_raw_0,0.02155464
veh_use_business_ind,0.021480326
vc_drive_type_rwd_ind,0.019986473
vc_drive_type_fwd_ind,0.018677844
vc_seating_rows_raw,0.018201213
vc_power_sunroof_raw_3,0.017926728
vc_auto_start_stop_raw_5,0.017765973
vc_touch_screen_raw_0,0.017374896
vc_heated_side_mirrors_raw,0.014637122
vc_electronic_braking_system_raw_5,0.013457599
vc_transmission_type_automatic_ind,0.013104282
vc_auto_dimming_rearview_mirror_raw_3,0.012848193
gender_male_ind,0.01265396
vc_auto_start_stop_raw_0,0.012647676
vc_passive_collision_avoidance_system_raw_0,0.011985647
vc_tinted_windows_raw_5,0.011633709
vc_camera_raw_5,0.011147273
vc_taillights_led_raw,0.0110674035
vc_driver_attention_system_raw_5,0.010959271
vc_premium_audio_raw,0.010470386
vc_auto_dimming_side_mirrors_raw,0.010392504
vc_backup_camera_raw_5,0.010216703
vc_passive_collision_avoidance_system_raw_5,0.010062621
vc_touch_screen_raw_5,0.009883464
vc_hill_ascent_assist_raw_0,0.009253753
vc_luxury_flag_ind,0.008869856
vc_headlights_auto_on_off_raw,0.0088250395
vc_sunroof_raw_0,0.008142281
vc_aspiration_forced_induction_ind,0.007985897
vc_remote_engine_start_raw_3,0.0074639083
vc_subwoofer_raw,0.0069049466
vc_electronic_braking_system_raw_0,0.006710221
veh_use_commute_ind,0.006595852
vc_remote_engine_start_raw_5,0.0065136245
vc_drive_type_awd_ind,0.0064757247
vc_dvd_player_raw,0.0060602683
vc_side_mirror_turn_signals_raw,0.0058915615
vc_doors_raw,0.0057826024
vc_adaptive_cruise_control_raw_5,0.0053783106
vc_transmission_type_manual_ind,0.00527308
vc_surround_sound_raw_3,0.0051197214
vc_touch_screen_raw_4,0.00507124
cef_first_cpo_ind,0.0049262377
vc_automatic_emergency_braking_raw_5,0.0048285937
cef_first_branded_ind,0.0047712377
vc_power_sunroof_raw_0,0.00441538
vc_adaptive_cruise_control_raw_0,0.004412582
vc_power_sunroof_raw_5,0.004387015
vc_auto_dimming_rearview_mirror_raw_5,0.004289283
vc_active_collision_avoidance_system_raw_0,0.0042718924
vc_sunroof_raw_5,0.004250982
vc_active_collision_avoidance_system_raw_5,0.003991756
vc_speed_sensitive_volume_raw,0.003965344
vc_surround_sound_raw_5,0.0035495127
vc_sunroof_raw_3,0.0034172076
vc_tinted_windows_raw_0,0.0033820525
vc_pedestrian_detection_raw_0,0.0033194271
vc_surround_sound_raw_4,0.003311486
vc_mild_hybrid_raw,0.003306775
vc_visual_forward_collision_warning_raw_0,0.0029810925
vc_rear_wiper_raw_3,0.002700092
vc_surround_sound_raw_1,0.0026951104
vc_tinted_windows_raw_3,0.002694779
vc_touch_screen_raw_3,0.0025005995
vc_audible_forward_collision_warning_raw_0,0.0024732389
vc_rear_wiper_raw_5,0.002317691
vc_active_parking_assistance_raw_0,0.0023073251
vc_remote_engine_start_raw_0,0.0022986734
owt_leasepers_ind,0.0022955355
vc_active_parking_assistance_raw_5,0.0022704802
vc_rear_window_defogger_raw,0.0022425689
vc_engine_type_hybrid_electric_ind,0.0021902204
vc_automatic_high_beams_raw,0.0021099166
vc_electronic_braking_system_raw_3,0.0020640872
vc_adaptive_cruise_control_raw_3,0.0019676972
vc_heated_steering_wheel_raw,0.0019449046
vc_backup_camera_raw_3,0.0019351792
vc_camera_front_raw,0.0018690344
vc_variable_power_steering_raw,0.0018107913
vc_wipers_automatic_raw,0.0017989887
vc_power_folding_side_mirrors_raw,0.0016755408
vc_auto_dimming_rearview_mirror_raw_0,0.0016163029
vc_active_driving_assistance_raw_5,0.0014216042
vc_active_collision_avoidance_system_raw_3,0.0013905927
vc_camera_raw_3,0.0013364733
vc_parking_collision_warning_raw,0.0013359718
vc_camera_side_raw,0.0012721156
NumMinViol_raw_0.0,0.0012565517
vc_auto_start_stop_raw_3,0.0012125714
vc_forward_collision_warning_raw_3,0.0011115295
vc_navigation_touchscreen_raw,0.0010997939
vc_driver_attention_system_raw_0,0.0010939664
vc_visual_forward_collision_warning_raw_5,0.0010418644
vc_blind_spot_warning_raw,0.0010072694
vc_passive_collision_avoidance_system_raw_3,0.0009566286
vc_automatic_emergency_braking_raw_3,0.000942894
vc_front_parking_sensors_raw,0.00091361284
vc_forward_automatic_emergency_braking_raw_5,0.0008430809
vc_driver_attention_system_raw_3,0.0008227119
vc_automatic_emergency_braking_raw_0,0.000814264
vc_active_driving_assistance_raw_0,0.0007372407
vc_forward_automatic_emergency_braking_raw_3,0.00070644077
vc_active_driving_assistance_raw_3,0.0006966586
vc_visual_forward_collision_warning_raw_3,0.0006950811
vc_forward_collision_warning_raw_5,0.0006885211
vc_rear_parking_sensors_raw,0.0006619152
driver_has_acc_any_ind,0.0006523457
vc_pedestrian_detection_raw_5,0.000617581
NumMajinAcc_raw_0.0,0.0006111961
vc_parking_sensors_raw,0.0005723841
vc_forward_collision_warning_raw_0,0.00055336644
owt_comm_ind,0.00052886724
vc_electronic_4wd_selector_raw,0.00048311142
vc_forward_automatic_emergency_braking_raw_0,0.00046613862
vc_hill_ascent_assist_raw_3,0.0004596719
NumMajinAcc_raw_1.0,0.0003144336
vc_active_parking_assistance_raw_3,0.00029481458
NumMinViol_raw_1.0,0.00027148414
vc_pedestrian_detection_raw_3,0.000261985
veh_use_farm_ind,0.0002401978
vc_rear_cross_traffic_warning_raw,0.00021245671
NumMinAcc_raw_0.0,0.00020755125
NumMinAcc_raw_1.0,0.000201502
NumSpdViol_raw_1.0,0.0001770453
NumMajViol_raw_0.0,0.000127128
NumMajViol_raw_1.0,0.00012539941
vc_audible_forward_collision_warning_raw_3,9.172921e-05
NumSpdViol_raw_0.0,5.9880633e-05
vc_lane_keeping_assistance_raw,3.919718e-05
NumMajinAcc_raw_2.0,2.936861e-05
driver_has_vio_any_ind,1.4030427e-05
NumSpdViol_raw_3.0,0.0
NumSpdViol_raw_4.0,0.0
NumSpdViol_raw_5.0,0.0
NumSpdViol_raw___OTHER__,0.0
vc_visual_forward_collision_warning_raw___OTHER__,0.0
NumMinViol_raw_2.0,0.0
NumSpdViol_raw_2.0,0.0
NumMinAcc_raw_4.0,0.0
vc_sunroof_raw___OTHER__,0.0
NumMajinAcc_raw___OTHER__,0.0
NumMajinAcc_raw_4.0,0.0
vc_surround_sound_raw___OTHER__,0.0
NumMinAcc_raw___OTHER__,0.0
NumMajinAcc_raw_3.0,0.0
vc_touch_screen_raw___OTHER__,0.0
vc_remote_engine_start_raw___OTHER__,0.0
NumMinAcc_raw_2.0,0.0
vc_tinted_windows_raw___OTHER__,0.0
NumMinAcc_raw_3.0,0.0
NumMinViol_raw_3.0,0.0
vc_automatic_emergency_braking_raw___OTHER__,0.0
NumMinViol_raw_4.0,0.0
vc_active_collision_avoidance_system_raw___OTHER__,0.0
vc_backup_camera_raw___OTHER__,0.0
vc_auto_start_stop_raw___OTHER__,0.0
vc_camera_raw___OTHER__,0.0
vc_cross_traffic_warning_raw,0.0
vc_auto_dimming_rearview_mirror_raw___OTHER__,0.0
vc_audible_forward_collision_warning_raw___OTHER__,0.0
vc_audible_forward_collision_warning_raw_5,0.0
vc_driver_attention_system_raw___OTHER__,0.0
vc_adaptive_cruise_control_raw___OTHER__,0.0
vc_active_parking_assistance_raw___OTHER__,0.0
vc_active_driving_assistance_raw___OTHER__,0.0
vc_electronic_braking_system_raw___OTHER__,0.0
vc_forward_automatic_emergency_braking_raw___OTHER__,0.0
vc_forward_collision_warning_raw___OTHER__,0.0
vc_hill_ascent_assist_raw___OTHER__,0.0
NumMinViol_raw_5.0,0.0
vc_lane_departure_warning_raw,0.0
NumMajViol_raw___OTHER__,0.0
NumMajViol_raw_5.0,0.0
vc_passive_collision_avoidance_system_raw___OTHER__,0.0
vc_pedestrian_detection_raw___OTHER__,0.0
NumMajViol_raw_3.0,0.0
NumMajViol_raw_2.0,0.0
vc_power_sunroof_raw___OTHER__,0.0
NumMinViol_raw___OTHER__,0.0
NumMinViol_raw_9.0,0.0
NumMinViol_raw_8.0,0.0
NumMinViol_raw_7.0,0.0
vc_rear_wiper_raw___OTHER__,0.0
NumMinViol_raw_6.0,0.0
NumMajViol_raw_4.0,0.0
