decile,ee_comp_imps,n_records,incurred_act,incurred_pred,denom,act_ee_weigh_avg,pred_ee_weigh_avg,act_simple_avg,pred_simple_avg,act,pred,act_rel,pred_rel,weight_pct
1,307015.4496743768,437392,390145.76725549216,135719.97645525634,437392,1.2707691670542445,0.44206236721703124,0.8919819458414698,0.31029368725366796,1.2707691670542445,0.44206236721703124,0.9964751710838136,0.3466437370552785,9.499992302160022
2,323174.4526236994,437303,427919.5612317541,196116.9635118544,437303,1.324113208075945,0.606845503781856,0.9785424779426486,0.44846928448205114,1.324113208075945,0.606845503781856,1.038304965023984,0.4758586318270777,10.000001027427627
3,323174.5958679542,455376,476733.375353616,250816.28682380915,455376,1.4751573342986537,0.776101494457473,1.0469005291311269,0.5507894285684998,1.4751573342986537,0.776101494457473,1.1567463983079518,0.6085809205307084,10.000005459840782
4,323174.09139905684,475079,578494.7589815435,301679.56409299374,475079,1.7900406448956812,0.9334893239337012,1.2176811835116759,0.6350092597083722,1.7900406448956812,0.9334893239337012,1.403662525117957,0.7319967763524133,9.999989850037931
5,323174.6266187589,490563,607871.2587305481,350444.2460207939,490563,1.8809374519604187,1.0843804468418379,1.2391298543317537,0.7143715404969269,1.8809374519604187,1.0843804468418379,1.4749393657268388,0.8503182319031962,10.000006411364257
6,323174.2013848342,500978,641466.2255851876,399448.04122942686,500978,1.9848930478869904,1.2360146308639475,1.2804279341312144,0.7973364922799542,1.9848930478869904,1.2360146308639475,1.5564562713314807,0.9692223597204053,9.999993253332583
7,323174.556448836,509426,761271.6359116543,453897.9501029849,509426,2.3556051078921385,1.404497789338947,1.4943713825200409,0.8909987909980741,2.3556051078921385,1.404497789338947,1.8471505791519776,1.1013386311242028,10.000004240093308
8,323174.3504304214,514356,851761.8958966408,517544.3126618266,514356,2.6356110711206426,1.6014399409251774,1.6559773695585176,1.0061986496936492,2.6356110711206426,1.6014399409251774,2.066717592065426,1.2557710562124063,9.999997865256619
9,323174.01722434314,517188,882592.8939373009,605331.7379547358,517188,2.731014397499093,1.8730829388877586,1.7065223747211862,1.1704288149661937,2.731014397499093,1.8730829388877586,2.1415282252155086,1.468780239851915,9.999987554846566
10,339333.85252638673,548689,1200490.31306232,910328.7745312452,548689,3.5377852935229015,2.682693659220038,2.187924877412013,1.659097912535599,3.5377852935229015,2.682693659220038,2.77415859387982,2.1036374601640286,10.50002203564032
