decile,ee_bi_imps,n_records,incurred_act,incurred_pred,denom,incurred_act_gbm,incurred_pred_gbm,act_ee_weigh_avg,pred_ee_weigh_avg,act_simple_avg,pred_simple_avg,act,pred,act_rel,pred_rel,weight_pct,act_gbm_ee_weigh_avg,pred_gbm_ee_weigh_avg,act_gbm_simple_avg,pred_gbm_simple_avg
1,255273.9981050453,322248,5456510.876468333,6790579.537208727,322248,112161.69266428456,117974.90052637405,21.375114257516262,26.601140686543413,16.932644660225456,21.072526554730292,21.375114257516262,26.601140686543413,0.17121649174176568,0.21307741001092248,9.499991347011905,0.43937766281284163,0.46215008736544866,0.3480601669033929,0.36609971365648214
2,268709.73497316416,389269,12087936.98494446,14795777.852139577,389269,112742.16573100998,125264.10438891442,44.985109996672335,55.062306743807476,31.052914526829674,38.009134691279236,44.985109996672335,55.062306743807476,0.3603345751258055,0.44105378218357855,10.000000689660796,0.41956859412730046,0.46616883605435605,0.2896253380850003,0.3217931671643887
3,268709.0841196422,403288,15331757.236378552,20101856.4974747,403288,114444.33057614161,136564.73119763852,57.05708568286481,74.80899487761414,38.01689422045425,49.84491603388819,57.05708568286481,74.80899487761414,0.45703213194260545,0.59922644152271,9.999976468224721,0.425904211430327,0.508225211831072,0.2837781698839083,0.33862830334063626
4,268710.1776361629,411181,22095329.652977556,24392128.682317477,411181,139694.68453001915,145725.3243774266,82.22736424555873,90.7748597276607,53.73626128876956,59.32212014251018,82.22736424555873,90.7748597276607,0.6586482140719455,0.7271143832812857,10.00001716331142,0.5198712075549575,0.542314123191644,0.3397401254679062,0.354406756093853
5,268709.8702198817,416524,26916825.597298194,28495356.478792872,416524,151160.15079887994,153726.64781396507,100.17058761284993,106.04506807091046,64.6225081803166,68.41227991374537,100.17058761284993,106.04506807091046,0.8023749665222245,0.8494300569754138,10.000005722851233,0.5625403736572371,0.5720915561760817,0.36290862182942624,0.3690703244326019
6,268709.4470833895,421876,32620090.466464914,32743947.895175096,421876,166277.2780101364,161228.99846207313,121.39539871235644,121.85633311587127,77.32151263988688,77.61509992314114,121.39539871235644,121.85633311587127,0.9723875171246773,0.9760796410844425,9.99998997587722,0.6187995242256407,0.6000123933567486,0.3941377988085039,0.3821715349109054
7,268709.96630221576,432464,38699674.246519715,37433845.630361,432464,178017.10200723866,169029.4955192,144.02024152313922,139.30947982874397,89.48646418319147,86.55944918041963,144.02024152313922,139.30947982874397,1.153614441369491,1.1158808376549643,10.00000929854382,0.662487902689193,0.6290406636019372,0.41163449907330707,0.3908521761792889
8,268709.74231311475,450920,43510016.290034644,43098839.91216216,450920,184930.55469704687,178807.57014058766,161.92199030630783,160.39180247488432,96.49165326451399,95.57979222957988,161.92199030630783,160.39180247488432,1.297008978856876,1.2847520435700788,10.00000096281618,0.6882167840478074,0.6654301723538987,0.41011832408641635,0.39653945298631166
9,268709.64314023504,487106,59140367.89711772,51140321.74822674,487106,228620.37393553738,192929.82346163425,220.09023273591023,190.31814843182784,121.4117007327311,104.98807600035052,220.09023273591023,190.31814843182784,1.7629415712910415,1.5244646319412263,9.999997272109308,0.8508082228229683,0.7179862293254113,0.4693441959974572,0.3960735927326583
10,282145.50052023353,572416,84868810.98288853,76471577.78069554,572416,269854.90078971034,233902.12482315276,300.7980308968363,271.03596420886936,148.26421865022735,133.59440997577906,300.7980308968363,271.03596420886936,2.4094179311756303,2.171021233786922,10.500011099593404,0.9564387888239891,0.8290124222852134,0.47143144284875044,0.4086226185556532
