feature,correlation
vc_touch_screen_raw_5,0.0025011066249555347
vc_pedestrian_detection_raw_3,0.0024591717789314766
vc_msrp_impa,0.0020175841142264354
vc_luxury_flag_ind,0.0019580382278684516
vc_auto_start_stop_raw_5,0.0018549964981876038
vc_auto_start_stop_raw_0,-0.0017088328972037915
vc_aspiration_forced_induction_ind,0.0016871447631844193
vc_heated_side_mirrors_raw,0.001528894304458714
vc_front_parking_sensors_raw,0.0015042841339769652
vc_side_mirror_turn_signals_raw,0.0014291561924344369
vc_auto_dimming_rearview_mirror_raw_3,-0.001402470001463903
vc_pedestrian_detection_raw_0,-0.0013582093852758798
vc_camera_side_raw,0.0013351280865575154
vc_remote_engine_start_raw_3,-0.0012660108914728948
vc_surround_sound_raw_4,0.0012029802443946956
vc_camera_front_raw,0.0011995428308662947
vc_rear_wiper_raw_5,-0.0011783654102868746
vc_doors_raw,-0.001174100378845241
vc_rear_wiper_raw_0,0.001163266915828529
vc_touch_screen_raw_4,-0.001140757992243999
vc_drive_type_fwd_ind,-0.0011387681558306109
gender_male_ind,-0.0011382734312113763
vc_auto_dimming_rearview_mirror_raw_0,0.0011149231969825168
cef_est_curr_mi_grp_imps,-0.0010876122260881096
vc_auto_dimming_side_mirrors_raw,0.0010858327692956137
vc_active_collision_avoidance_system_raw_3,0.0010402409593782186
cef_first_poten_dam_ind,-0.001040229692161521
vc_mild_hybrid_raw,0.001013065048771974
vc_dvd_player_raw,0.000996490203942166
vc_surround_sound_raw_5,0.000966500452660995
vc_remote_engine_start_raw_0,0.0009517853228779828
vc_blind_spot_warning_raw,0.0009464119710569266
vc_forward_automatic_emergency_braking_raw_3,0.0008876173134674476
vc_automatic_emergency_braking_raw_3,0.0008840563502372378
vc_active_driving_assistance_raw_3,0.0008665230595023954
veh_use_commute_ind,-0.0008592317604825854
owt_leasepers_ind,0.000850510912120405
vc_drive_type_rwd_ind,0.0008384098935404054
vc_passive_collision_avoidance_system_raw_3,-0.000819058671830081
vc_wipers_automatic_raw,0.0008180310302171071
vc_headlights_auto_on_off_raw,0.0008070339578541428
vc_surround_sound_raw_1,-0.0007935265345212312
cef_first_cpo_ind,-0.0007885422389458389
multi_pol_unknown_cal,0.0007844392627902822
vc_variable_power_steering_raw,-0.0007684326682159562
vc_electronic_braking_system_raw_0,-0.0007681373423878234
vc_visual_forward_collision_warning_raw_3,0.0007610804133207217
vc_navigation_touchscreen_raw,0.0007569181993473533
cef_first_sev_prob_ind,-0.0007545065188518045
vc_electronic_braking_system_raw_5,0.0007175859137589552
vc_passive_collision_avoidance_system_raw_5,0.0007169996093610893
vc_rear_parking_sensors_raw,0.0007110875754249659
vc_automatic_emergency_braking_raw_0,-0.0007025716822531292
vc_forward_automatic_emergency_braking_raw_0,-0.0006931217301383468
vc_touch_screen_raw_3,-0.0006931138020465017
vc_visual_forward_collision_warning_raw_0,-0.000688683254281825
vc_heated_steering_wheel_raw,0.0006777636540279547
vc_backup_camera_raw_5,0.0006761703659214368
vc_camera_raw_5,0.0006752493727438948
vc_active_driving_assistance_raw_0,-0.0006742890838587481
married_ind,0.0006724250094794757
vc_audible_forward_collision_warning_raw_0,-0.0006668736230956464
vc_drive_type_awd_ind,0.0006668593820408067
vc_forward_collision_warning_raw_0,-0.000656782785053902
vc_parking_collision_warning_raw,0.0006516818110672596
vc_parking_sensors_raw,0.0006516818110672596
vc_cross_traffic_warning_raw,0.0006283350710502628
vc_forward_collision_warning_raw_3,0.0006259399203596391
vc_audible_forward_collision_warning_raw_3,0.0006196331341983337
multi_pol_yes_cal,-0.0006006837526206161
cef_first_branded_ind,-0.0005802696381408456
vc_satellite_radio_raw,0.0005679230422913196
vc_active_collision_avoidance_system_raw_0,-0.0005358073200673109
vc_subwoofer_raw,0.0005353201844808526
vc_active_parking_assistance_raw_5,0.000532425234440206
vc_power_sunroof_raw_0,-0.0005323421722326191
vc_transmission_type_automatic_ind,0.0005150468876158602
vc_sunroof_raw_0,-0.0004888729764964179
vc_active_parking_assistance_raw_0,-0.0004881251187596387
vc_automatic_high_beams_raw,0.0004756680779258822
veh_use_business_ind,0.0004679274313395821
vc_touch_screen_raw_0,-0.0004662289473018496
vc_backup_camera_raw_3,-0.00044790053562192007
vc_camera_raw_3,-0.0004473467950340107
vc_tinted_windows_raw_0,0.0004367997231232201
vc_tinted_windows_raw_3,-0.0004290969617400527
vc_power_sunroof_raw_5,0.0004160595451077232
vc_backup_camera_raw_0,-0.0003994393424916564
vc_camera_raw_0,-0.0003989027135785329
vc_sunroof_raw_5,0.0003933278872244074
NumSpdViol_raw_2.0,0.00039209496989362695
vc_power_folding_side_mirrors_raw,0.00038833061614804523
vc_surround_sound_raw_3,-0.0003871980588928063
driver_has_acc_any_ind,-0.0003730128934459864
vc_tinted_windows_raw_5,-0.0003714482480208653
vc_pedestrian_detection_raw_5,0.0003501159004644498
vc_premium_audio_raw,0.0003413412875618667
vc_auto_start_stop_raw_3,-0.0003361153975535408
NumMajViol_raw_1.0,-0.00030995749734091907
vc_auto_dimming_rearview_mirror_raw_5,0.0003042805322992871
NumMajViol_raw_0.0,0.0002963091887262058
vc_lane_keeping_assistance_raw,0.00029513195311123963
vc_hill_ascent_assist_raw_5,0.000292909832415347
NumMajinAcc_raw_0.0,0.000290215324100857
vc_hill_ascent_assist_raw_0,-0.0002897173364224038
vc_electronic_braking_system_raw_3,0.00028704385522778395
vc_audible_forward_collision_warning_raw_5,0.0002801740942727435
vc_driver_attention_system_raw_3,0.00027815016944968243
vc_speed_sensitive_volume_raw,0.00027673874105254903
NumMajinAcc_raw_1.0,-0.0002738197720495603
vc_forward_collision_warning_raw_5,0.0002602085852818791
vc_rear_window_defogger_raw,0.0002573912118848467
vc_electronic_4wd_selector_raw,-0.00025411639617468695
vc_transmission_type_manual_ind,-0.00024402762201915468
vc_rear_cross_traffic_warning_raw,-0.00023844360066682842
NumMinAcc_raw_0.0,0.00023380167529834533
vc_remote_engine_start_raw_5,0.00023181611023702933
cef_lien_holder_ind,-0.00021764128270059904
NumMinAcc_raw_1.0,-0.00021510334086206992
veh_use_farm_ind,-0.00020087478006985263
vc_taillights_led_raw,-0.00019796573433113586
vc_adaptive_cruise_control_raw_3,-0.00019465939096635483
NumMinViol_raw_2.0,-0.00019317064015028342
vc_visual_forward_collision_warning_raw_5,0.00019133684073932092
vc_driver_attention_system_raw_0,-0.0001833692701021239
vc_automatic_emergency_braking_raw_5,0.00016614505082177363
vc_active_parking_assistance_raw_3,-0.00016423957054441038
vc_active_driving_assistance_raw_5,0.0001522184376476074
vc_forward_automatic_emergency_braking_raw_5,0.00015057414678280116
vc_adaptive_cruise_control_raw_5,0.0001432955323181408
owt_comm_ind,-0.0001403819415211768
NumMinViol_raw_0.0,0.0001394615385667106
driver_has_vio_any_ind,-0.00012421095064156807
vc_lane_departure_warning_raw,0.0001213888704253504
vc_power_sunroof_raw_3,0.00011848123234648255
NumMinViol_raw_3.0,0.00011103879489754525
vc_driver_attention_system_raw_5,0.00010756348340996547
vc_seating_rows_raw,-0.00010612955724418272
vc_sunroof_raw_3,9.116349548584965e-05
NumMajinAcc_raw_2.0,-9.042013072276e-05
vc_engine_type_hybrid_electric_ind,-8.856539983400326e-05
NumMinAcc_raw_2.0,-8.741021050646906e-05
NumMinViol_raw_1.0,-8.735740351092893e-05
NumSpdViol_raw_0.0,-7.418756583582694e-05
NumSpdViol_raw_1.0,-6.317703753508571e-05
NumMinViol_raw_4.0,-5.1339597642200354e-05
vc_passive_collision_avoidance_system_raw_0,-4.517391806736089e-05
NumMajViol_raw_3.0,-4.3471426051870295e-05
vc_rear_wiper_raw_3,4.094663582121291e-05
vc_adaptive_cruise_control_raw_0,3.852926889008207e-05
vc_hill_ascent_assist_raw_3,-3.599160898816036e-05
NumMinAcc_raw_3.0,-3.4547405311320144e-05
NumMajinAcc_raw_3.0,-3.307659760024509e-05
NumMajViol_raw_4.0,-2.4428594905399408e-05
NumSpdViol_raw_3.0,-2.230013744523009e-05
NumMinViol_raw_5.0,-2.2300137445229802e-05
NumMajViol_raw_2.0,2.1978937493001878e-05
vc_active_collision_avoidance_system_raw_5,-2.0306972557705145e-05
NumMajViol_raw_5.0,-1.865761264780825e-05
NumMinViol_raw_6.0,-1.7273586341261248e-05
NumSpdViol_raw_4.0,-1.4103813635862032e-05
NumMinAcc_raw_4.0,-9.972894801037648e-06
NumMinViol_raw_7.0,-9.972894801037645e-06
NumMajinAcc_raw_4.0,-7.051898903850147e-06
NumMinViol_raw_9.0,-7.051898903850134e-06
NumMinAcc_raw_5.0,
NumMinAcc_raw___OTHER__,
NumMajinAcc_raw___OTHER__,
NumSpdViol_raw_5.0,
NumSpdViol_raw___OTHER__,
NumMinViol_raw_10.0,
NumMinViol_raw_8.0,
NumMinViol_raw___OTHER__,
NumMajViol_raw___OTHER__,
vc_active_collision_avoidance_system_raw___OTHER__,
vc_active_driving_assistance_raw___OTHER__,
vc_active_parking_assistance_raw___OTHER__,
vc_adaptive_cruise_control_raw___OTHER__,
vc_audible_forward_collision_warning_raw___OTHER__,
vc_auto_dimming_rearview_mirror_raw___OTHER__,
vc_auto_start_stop_raw___OTHER__,
vc_automatic_emergency_braking_raw___OTHER__,
vc_backup_camera_raw___OTHER__,
vc_camera_raw___OTHER__,
vc_driver_attention_system_raw___OTHER__,
vc_electronic_braking_system_raw___OTHER__,
vc_forward_automatic_emergency_braking_raw___OTHER__,
vc_forward_collision_warning_raw___OTHER__,
vc_hill_ascent_assist_raw___OTHER__,
vc_passive_collision_avoidance_system_raw___OTHER__,
vc_pedestrian_detection_raw___OTHER__,
vc_power_sunroof_raw___OTHER__,
vc_rear_wiper_raw___OTHER__,
vc_remote_engine_start_raw___OTHER__,
vc_sunroof_raw___OTHER__,
vc_surround_sound_raw___OTHER__,
vc_tinted_windows_raw___OTHER__,
vc_touch_screen_raw___OTHER__,
vc_visual_forward_collision_warning_raw___OTHER__,
