column_name,dtype,notes
vin_date,string,
vin,string,
zip,"decimal128(5, 0)",
py,int64,
companyid,string,
reference_num,string,
policyid,string,
poleffdt,string,
poleffdt_imps,timestamp[us],
polexpdt_raw,timestamp[us],
polexpdt_imps,timestamp[us],
coveffdt_raw,timestamp[us],
coveffdt_imps,timestamp[us],
covexpdt_raw,timestamp[us],
covexpdt_imps,timestamp[us],
origpoleffdt_raw,timestamp[us],
origpoleffdt_imps,timestamp[us],
pol_tenure_cal,"decimal128(8, 6)",
st_raw,string,
cbistier_raw,"decimal128(3, 0)",
cbistier_imps,"decimal128(3, 0)",
late_payments_raw,"decimal128(2, 0)",
late_payments_imps,"decimal128(2, 0)",
credit_raw,"decimal128(3, 0)",
credit_imps,"decimal128(3, 0)",
vehicle_use_raw,string,
veh_use_commute_ind,int64,
veh_use_business_ind,int64,
veh_use_farm_ind,int64,
veh_count_raw,"decimal128(5, 0)",
veh_count_imps,"decimal128(5, 0)",
driver_count_raw,"decimal128(5, 0)",
driver_count_imps,"decimal128(5, 0)",
pol_veh_driver_ratio_cal,"decimal128(15, 12)",
model_year_raw,"decimal128(4, 0)",
multi_policy_discount_raw,double,
multi_pol_yes_cal,int64,
multi_pol_unknown_cal,int64,
limit_person_bi_raw,double,
limit_person_bi_imps,double,
limit_acc_bi_raw,double,
limit_acc_bi_imps,double,
veh_limit_bi_acc_ratio_cal,double,
limit_csl_raw,double,
limit_csl_imps,double,
limit_pd_raw,double,
limit_pd_imps,double,
limit_med_raw,double,
limit_med_imps,double,
limit_pip_raw,double,
limit_pip_imps,double,
limit_um_raw,double,
limit_um_imps,double,
limit_uim_raw,double,
limit_uim_imps,double,
ded_coll_raw,double,
ded_coll_imps,double,
ded_comp_raw,double,
ded_comp_imps,double,
DrvAge_raw,"decimal128(3, 0)",
DrvAge_imps,"decimal128(3, 0)",
gender_male_ind,int64,
married_ind,int64,
NumMinAcc_raw,"decimal128(1, 0)",
NumMinAcc_imps,"decimal128(2, 0)",
NumMajinAcc_raw,"decimal128(1, 0)",
NumMajinAcc_imps,"decimal128(2, 0)",
NumSpdViol_raw,"decimal128(2, 0)",
NumSpdViol_imps,"decimal128(2, 0)",
NumMinViol_raw,"decimal128(2, 0)",
NumMinViol_imps,"decimal128(2, 0)",
NumMajViol_raw,"decimal128(1, 0)",
NumMajViol_imps,"decimal128(2, 0)",
driver_has_acc_any_ind,int64,
driver_has_vio_any_ind,int64,
ee_bi_raw,double,
ee_bi_imps,double,
ee_pd_raw,double,
ee_pd_imps,double,
ee_pip_raw,double,
ee_pip_imps,double,
ee_med_raw,double,
ee_med_imps,double,
ee_um_raw,double,
ee_um_imps,double,
ee_uim_raw,double,
ee_uim_imps,double,
ee_coll_imps,double,
ee_coll_imp_imps,double,
ee_comp_raw,double,
ee_comp_imps,double,
ee_raw,double,
ee_imps,double,
incurred_raw_bi_raw,double,
incurred_raw_bi_imps,double,
incurred_raw_pd_raw,double,
incurred_raw_pd_imps,double,
incurred_raw_pip_raw,double,
incurred_raw_pip_imps,double,
incurred_raw_med_cal,double,
incurred_raw_med_cal_imps,double,
incurred_raw_um_raw,double,
incurred_raw_um_imps,double,
incurred_raw_uim_raw,double,
incurred_raw_uim_imps,double,
incurred_raw_coll_raw,double,
incurred_raw_coll_imps,double,
incurred_raw_comp_raw,double,
incurred_raw_comp_imps,double,
incloss_raw,double,
incloss_imps,double,
claim_count_bi_raw,double,
claim_count_bi_imps,double,
claim_count_pd_raw,double,
claim_count_pd_imps,double,
claim_count_pip_raw,double,
claim_count_pip_imps,double,
claim_count_med_cal,int64,
claim_count_med_cal_imps,int64,
claim_count_um_raw,double,
claim_count_um_imps,double,
claim_count_uim_raw,double,
claim_count_uim_imps,double,
claim_count_coll_raw,double,
claim_count_coll_imps,double,
claim_count_comp_raw,double,
claim_count_comp_imps,double,
claim_count_raw,double,
claim_count_imps,double,
ep_bi_raw,double,
ep_bi_imps,double,
ep_pd_raw,double,
ep_pd_imps,double,
ep_pip_raw,double,
ep_pip_imps,double,
ep_med_raw,double,
ep_med_imps,double,
ep_um_raw,double,
ep_um_imps,double,
ep_uim_raw,double,
ep_uim_imps,double,
ep_coll_raw,double,
ep_coll_imps,double,
ep_comp_raw,double,
ep_comp_imps,double,
dml_make_raw,string,
dml_model_raw,string,
dml_body_style_raw,string,
dml_engine_raw,string,
dml_year_raw,string,
dml_year_imps,double,
gvw_num_imps,double,
amc_annual_mileage_estimate_raw,string,
amc_ame_rounded_imps,double,
amc_modeled_annual_mileage_raw,string,
amc_mam2_rounded_imps,double,
owt_current_ownership_type_raw,string,
owt_comm_ind,double,
owt_leasepers_ind,double,
owt_number_of_titling_transactions_raw,string,
owt_number_of_titling_transactions_imps,double,
owh_loo_days_raw,string,
owh_loo_days_imps,double,
owh_loo_years_cal,"decimal128(8, 6)",
owh_loo_years_imp,double,
cef_est_curr_mi_grp_raw,string,
cef_est_curr_mi_grp_imps,double,
cef_ann_mi_grp_raw,string,
cef_ann_mi_grp_imps,double,
cef_owner_count_raw,string,
cef_owner_count_imps,double,
days_since_first_rollback_cal,double,
days_since_first_rollback_imp,int64,
days_since_first_airbag_deployed_cal,double,
days_since_first_airbag_deployed_imps,int64,
days_since_first_commercial_use_cal,double,
days_since_first_commercial_use_imps,int64,
days_since_first_corporate_use_cal,double,
days_since_first_corporate_use_imps,int64,
days_since_first_failed_emissions_cal,double,
days_since_first_failed_emissions_imps,int64,
days_since_first_fleet_cal,double,
days_since_first_fleet_imps,int64,
days_since_first_government_use_cal,double,
days_since_first_government_use_imps,int64,
days_since_first_lease_cal,double,
days_since_first_lease_imps,int64,
days_since_first_rental_cal,double,
days_since_first_rental_imps,int64,
days_since_first_repossession_cal,double,
days_since_first_repossession_imps,int64,
days_since_first_safety_failed_cal,double,
days_since_first_safety_failed_imps,int64,
days_since_first_scrapped_cal,double,
days_since_first_scrapped_imps,int64,
days_since_first_sev_frame_dam_prob_cal,double,
days_since_first_sev_frame_dam_prob_imps,int64,
days_since_first_taxi_cal,double,
days_since_first_taxi_imps,int64,
days_since_first_salvage_auction_cal,double,
days_since_first_salvage_auction_imps,int64,
days_since_first_stolen_cal,double,
days_since_first_stolen_imps,int64,
days_since_first_total_loss_us_cal,double,
days_since_first_total_loss_us_imps,int64,
cef_first_branded_ind,double,
cef_first_branded_nul,int64,
cef_first_cpo_ind,double,
cef_first_cpo_nul,int64,
cef_first_poten_dam_ind,double,
cef_first_poten_dam_nul,int64,
cef_first_sev_prob_ind,double,
cef_first_sev_prob_nul,int64,
cef_lien_holder_ind,double,
cef_lien_holder_nul,int64,
vc_acceleration_0_60_raw,double,
vc_acceleration_0_60_impa,double,
vc_active_collision_avoidance_system_raw,int64,
vc_active_driving_assistance_raw,int64,
vc_active_parking_assistance_raw,int64,
vc_adaptive_cruise_control_raw,int64,
vc_antitheft_key_raw,int64,
vc_aspiration_raw,string,
vc_aspiration_forced_induction_ind,int64,
vc_audible_forward_collision_warning_raw,int64,
vc_auto_dimming_rearview_mirror_raw,int64,
vc_auto_dimming_side_mirrors_raw,int64,
vc_auto_hazard_flashers_raw,int64,
vc_auto_start_stop_raw,int64,
vc_automatic_crash_notification_raw,int64,
vc_automatic_emergency_braking_raw,int64,
vc_automatic_emergency_steering_raw,int64,
vc_automatic_high_beams_raw,int64,
vc_backup_camera_raw,int64,
vc_bed_length_raw,double,
vc_bed_length_impa,double,
vc_blind_spot_camera_raw,int64,
vc_blind_spot_warning_raw,int64,
vc_camera_raw,int64,
vc_camera_front_raw,int64,
vc_camera_side_raw,int64,
vc_camera_washer_raw,int64,
vc_cargo_van_raw,int64,
vc_center_locking_differential_raw,int64,
vc_cornering_brake_control_raw,int64,
vc_cornering_lights_raw,int64,
vc_crash_sensing_door_locks_raw,int64,
vc_crash_sensors_raw,int64,
vc_cross_traffic_warning_raw,int64,
vc_crumple_zones_raw,int64,
vc_curb_weight_raw,double,
vc_curb_weight_impa,double,
vc_cylinders_raw,string,
vc_daytime_running_lights_raw,int64,
vc_displacement_raw,string,
vc_doors_raw,double,
vc_doors_impm,double,
vc_drive_type_4wd_ind,int64,
vc_drive_type_4x2_ind,int64,
vc_drive_type_4x4_ind,int64,
vc_drive_type_awd_ind,int64,
vc_drive_type_fwd_ind,int64,
vc_drive_type_rwd_ind,int64,
vc_driver_attention_system_raw,int64,
vc_dvd_player_raw,int64,
vc_electronic_4wd_selector_raw,int64,
vc_electronic_braking_system_raw,int64,
vc_engine_type_hybrid_electric_ind,int64,
vc_engine_valves_raw,string,
vc_fog_lights_raw,int64,
vc_fog_lights_rear_raw,int64,
vc_forward_automatic_emergency_braking_raw,int64,
vc_forward_collision_warning_raw,int64,
vc_front_cross_traffic_warning_raw,int64,
vc_front_parking_sensors_raw,int64,
vc_fuel_tank_capacity_raw,double,
vc_fuel_tank_capacity_impa,double,
vc_fuel_type_raw,string,
vc_fuel_diesel_ind,int64,
vc_glass_roof_raw,int64,
vc_gross_combined_weight_raw,double,
vc_gross_combined_weight_impa,double,
vc_ground_clearance_raw,double,
vc_ground_clearance_impa,double,
vc_headlights_auto_on_off_raw,int64,
vc_headlights_leveling_raw,int64,
vc_headlights_wiper_activated_raw,int64,
vc_heated_side_mirrors_raw,int64,
vc_heated_steering_wheel_raw,int64,
vc_heated_washer_jets_raw,int64,
vc_height_raw,double,
vc_height_impa,double,
vc_hill_ascent_assist_raw,int64,
vc_horsepower_raw,double,
vc_derived_hp_to_volume_cal,double,
vc_derived_hp_to_density_cal,double,
vc_derived_hp_to_turn_cal,double,
vc_derived_hp_to_weight_cal,double,
vc_derived_turn_to_length_cal,double,
vc_derived_turn_to_width_cal,double,
vc_derived_length_to_rows_cal,double,
vc_derived_stability_val_cal,double,
vc_derived_rollover_risk_cal,double,
vc_infotainment_screen_cal,string,
vc_instrumentation_display_cal,string,
vc_integrated_wifi_raw,int64,
vc_interior_volume_raw,double,
vc_interior_volume_nul,int64,
vc_interior_volume_impa,double,
vc_lane_departure_warning_raw,int64,
vc_lane_keeping_assistance_raw,int64,
vc_length_raw,double,
vc_length_impa,double,
vc_mild_hybrid_raw,int64,
vc_msrp_raw,double,
vc_msrp_impa,double,
vc_navigation_touchscreen_raw,int64,
vc_off_road_lights_raw,int64,
vc_parking_collision_warning_raw,int64,
vc_parking_sensors_raw,int64,
vc_passenger_volume_raw,double,
vc_passenger_volume_impa,double,
vc_passive_collision_avoidance_system_raw,int64,
vc_payload_capacity_raw,double,
vc_payload_capacity_impa,double,
vc_pedestrian_detection_raw,int64,
vc_post_crash_fuel_cutoff_raw,int64,
vc_power_folding_side_mirrors_raw,int64,
vc_power_sunroof_raw,int64,
vc_precollision_system_raw,int64,
vc_premium_audio_raw,int64,
vc_premium_wheels_raw,int64,
vc_rear_cross_traffic_warning_raw,int64,
vc_rear_parking_sensors_raw,int64,
vc_rear_window_defogger_raw,int64,
vc_rear_wiper_raw,int64,
vc_rear_wiper_automatic_raw,int64,
vc_remote_engine_start_raw,int64,
vc_reverse_automatic_emergency_braking_raw,int64,
vc_satellite_radio_raw,int64,
vc_seating_capacity_raw,double,
vc_seating_capacity_impm,double,
vc_seating_rows_raw,double,
vc_seating_rows_impm,double,
vc_luxury_flag_ind,int64,
vc_semiautomatic_parking_system_raw,int64,
vc_side_mirror_turn_signals_raw,int64,
vc_side_window_defogger_raw,int64,
vc_softtop_raw,int64,
vc_speed_sensitive_volume_raw,int64,
vc_subwoofer_raw,int64,
vc_sunroof_raw,int64,
vc_surround_sound_raw,int64,
vc_tactile_forward_collision_warning_raw,int64,
vc_taillights_led_raw,int64,
vc_tinted_windows_raw,int64,
vc_torque_raw,string,
vc_torque_nul,int64,
vc_touch_screen_raw,int64,
vc_towing_capacity_raw,string,
vc_towing_capacity_impa,double,
vc_traffic_sign_recognition_raw,int64,
vc_trailer_assist_raw,int64,
vc_transmission_type_automatic_ind,int64,
vc_transmission_type_continuously_variable_ind,int64,
vc_transmission_type_manual_ind,int64,
vc_turning_circle_raw,double,
vc_turning_circle_impa,double,
vc_variable_power_steering_raw,int64,
vc_vehicle_immobilizer_raw,int64,
vc_veh_type_car_ind,int64,
vc_veh_type_suv_ind,int64,
vc_veh_type_van_ind,int64,
vc_veh_type_truck_ind,int64,
vc_video_display_raw,int64,
vc_video_system_raw,int64,
vc_visual_forward_collision_warning_raw,int64,
vc_wheelbase_raw,double,
vc_wheelbase_impa,double,
vc_width_raw,double,
vc_width_impa,double,
vc_wipers_automatic_raw,int64,
vc_wipers_heated_raw,int64,
vc_wipers_speed_sensitive_raw,int64,
insstate,string,
zpop,double,
zhu,double,
zarea,double,
pop_per_hu,double,
zarealand,double,
zip_pop_pct,double,
zip_pop_dens,double,
latitude,double,
longitude,double,
territory_bi,string,
territory_coll,string,
territory_core3,string,
territory_otc,string,
territory_pd,string,
territory_pip,string,
A1_Score,double,
B2_score,double,
C1_Collision_Score,double,
C1_Comprehensive_Score,double,
C1_First_Party_Liability_Score,double,
C1_Third_Party_Liability_Score,double,
__index_level_0__,int64,
